,Team,WinLoss perc,PD,Year,FGM,FG_perc,RedZone_perc,RushYperG,PassYperG,PointperG,possperG,YallowedperG,PointallowedperG
0,New England Patriots,87.5,205,2010,22,88.0,62.7,123.3,240.4,32.4,0.49,366.9,19.6
1,New York Jets,68.8,63,2010,30,76.9,40.0,148.4,203.2,22.9,0.543611111111111,291.4,19.0
2,Miami Dolphins,43.8,-60,2010,30,73.2,52.9,102.7,220.4,17.1,0.514722222222222,309.3,20.8
3,Buffalo Bills,25.0,-142,2010,16,76.2,51.4,107.5,197.8,17.7,0.476388888888889,361.6,26.6
4,Pittsburgh Steelers,75.0,143,2010,29,78.4,48.0,120.2,225.0,23.4,0.54,276.8,14.5
5,Baltimore Ravens,75.0,87,2010,26,89.7,49.0,114.4,208.4,22.3,0.522222222222222,318.9,16.9
6,Cleveland Browns,31.3,-61,2010,23,82.1,45.2,102.9,186.8,16.9,0.4725,350.1,20.8
7,Cincinnati Bengals,25.0,-73,2010,24,77.4,49.1,95.1,235.4,20.1,0.520277777777778,332.0,24.7
8,Indianapolis Colts,62.5,47,2010,26,92.9,67.9,92.7,288.1,27.2,0.498333333333333,341.6,24.2
9,Jacksonville Jaguars,50.0,-66,2010,22,78.6,63.0,149.7,191.7,22.1,0.53,371.8,26.2
10,Houston Texans,37.5,-37,2010,27,90.0,62.3,127.6,259.9,24.4,0.492222222222222,376.9,26.7
11,Tennessee Titans,37.5,17,2010,24,92.3,58.1,107.9,194.2,22.2,0.433611111111111,367.7,21.2
12,Kansas City Chiefs,62.5,40,2010,20,76.9,59.6,164.2,185.5,22.9,0.527222222222222,330.2,20.4
13,Los Angeles Chargers,56.3,119,2010,27,81.8,55.9,113.1,282.4,27.6,0.550555555555556,272.5,20.1
14,Las Vegas Raiders,50.0,39,2010,33,80.5,52.1,155.9,198.8,25.6,0.5325,322.9,23.2
15,Denver Broncos,25.0,-127,2010,22,88.0,55.8,96.5,254.3,21.5,0.469166666666667,390.8,29.4
16,Philadelphia Eagles,62.5,62,2010,32,84.2,53.4,145.2,244.1,27.4,0.520555555555556,327.3,23.6
17,New York Giants,62.5,47,2010,19,82.6,57.4,137.5,242.8,24.6,0.542222222222222,310.6,21.7
18,Dallas Cowboys,37.5,-42,2010,24,75.0,59.6,111.6,252.4,24.6,0.523333333333333,351.8,27.2
19,Washington Commanders,37.5,-75,2010,24,68.6,51.2,91.3,244.6,18.9,0.480555555555556,389.2,23.6
20,Chicago Bears,68.8,48,2010,25,83.3,45.1,101.0,188.9,20.9,0.491666666666667,314.3,17.9
21,Green Bay Packers,62.5,148,2010,22,78.6,60.4,100.4,257.8,24.2,0.533611111111111,309.1,15.0
22,Detroit Lions,37.5,-7,2010,25,83.3,64.4,100.8,238.1,22.6,0.496388888888889,344.1,23.1
23,Minnesota Vikings,37.5,-67,2010,17,94.4,43.5,121.4,193.6,17.6,0.506666666666667,313.1,21.8
24,Atlanta Falcons,81.3,126,2010,28,90.3,60.3,118.2,222.9,25.9,0.546388888888889,332.4,18.0
25,New Orleans Saints,68.8,77,2010,25,80.6,50.8,94.9,277.6,24.0,0.534722222222222,306.2,19.2
26,Tampa Bay Buccaneers,62.5,23,2010,23,82.1,52.3,125.1,210.1,21.3,0.513333333333333,332.7,19.9
27,Carolina Panthers,12.5,-212,2010,25,86.2,30.3,115.4,143.1,12.2,0.456666666666667,335.9,25.5
28,Seattle Seahawks,43.8,-97,2010,25,83.3,42.0,89.0,208.9,19.4,0.458888888888889,368.6,25.4
29,Los Angeles Rams,43.8,-39,2010,33,84.6,35.7,98.6,204.2,18.1,0.516944444444444,336.8,20.5
30,San Francisco 49ers,37.5,-41,2010,22,81.5,47.6,103.6,209.8,19.1,0.479444444444444,329.7,21.6
31,Arizona Cardinals,31.3,-145,2010,24,88.9,43.2,86.8,182.6,18.1,0.439444444444444,373.6,27.1
32,New England Patriots,81.3,171,2011,28,84.8,65.3,110.2,318.0,32.1,0.479722222222222,411.1,21.4
33,New York Jets,50.0,14,2011,19,76.0,65.5,105.8,206.1,23.6,0.513611111111111,312.1,22.7
34,Miami Dolphins,37.5,16,2011,33,84.6,47.2,124.2,193.2,20.6,0.510277777777778,345.2,19.6
35,Buffalo Bills,37.5,-62,2011,23,74.2,52.8,120.1,231.6,23.2,0.502777777777778,371.1,27.1
36,Baltimore Ravens,75.0,112,2011,30,76.9,51.0,124.8,213.9,23.6,0.509722222222222,288.9,16.6
37,Pittsburgh Steelers,75.0,98,2011,23,74.2,50.9,118.9,253.4,20.3,0.5425,271.8,14.2
38,Cincinnati Bengals,56.3,21,2011,33,86.8,45.1,111.1,208.8,21.5,0.505,316.2,20.2
39,Cleveland Browns,25.0,-89,2011,24,82.8,41.9,95.7,193.1,13.6,0.487222222222222,332.4,19.2
40,Houston Texans,62.5,103,2011,32,84.2,46.7,153.0,219.1,23.8,0.544444444444444,285.7,17.4
41,Tennessee Titans,56.3,8,2011,29,90.6,59.5,89.9,245.2,20.3,0.465,355.1,19.8
42,Jacksonville Jaguars,31.3,-86,2011,23,92.0,48.6,123.1,136.2,15.2,0.500277777777778,313.0,20.6
43,Indianapolis Colts,12.5,-187,2011,23,85.2,42.1,99.6,187.2,15.2,0.436944444444444,371.2,26.9
44,Denver Broncos,50.0,-81,2011,19,76.0,47.2,164.5,152.1,19.3,0.495,357.8,24.4
45,Los Angeles Chargers,50.0,29,2011,28,80.0,53.7,116.5,276.6,25.4,0.540555555555556,346.6,23.6
46,Las Vegas Raiders,50.0,-74,2011,31,88.6,51.1,131.9,247.6,22.4,0.498611111111111,387.6,27.1
47,Kansas City Chiefs,43.8,-126,2011,24,80.0,33.3,118.3,192.5,13.2,0.492222222222222,333.3,21.1
48,New York Giants,56.3,-6,2011,19,79.2,57.1,89.2,295.9,24.6,0.491666666666667,376.4,25.0
49,Philadelphia Eagles,50.0,68,2011,24,88.9,51.5,142.2,256.9,24.8,0.522222222222222,324.9,20.5
50,Dallas Cowboys,50.0,22,2011,32,86.5,49.0,112.9,262.6,23.1,0.523333333333333,343.2,21.7
51,Washington Commanders,31.3,-79,2011,31,75.6,41.2,100.9,235.8,18.0,0.507222222222222,339.8,22.9
52,Green Bay Packers,93.8,201,2011,24,85.7,65.2,97.4,307.8,35.0,0.508055555555556,411.6,22.4
53,Detroit Lions,62.5,87,2011,24,82.8,63.8,95.2,300.9,29.6,0.5025,367.6,24.2
54,Chicago Bears,50.0,12,2011,28,87.5,52.6,125.9,188.2,22.1,0.506944444444444,350.4,21.3
55,Minnesota Vikings,18.8,-109,2011,22,78.6,56.6,144.9,184.8,21.2,0.478333333333333,358.2,28.1
56,New Orleans Saints,81.3,208,2011,28,82.4,58.7,132.9,334.2,34.2,0.532777777777778,368.4,21.2
57,Atlanta Falcons,62.5,52,2011,27,93.1,52.5,114.6,262.0,25.1,0.538333333333333,333.4,21.9
58,Carolina Panthers,37.5,-23,2011,22,78.6,57.9,150.5,239.1,25.4,0.504166666666667,377.6,26.8
59,Tampa Bay Buccaneers,25.0,-207,2011,26,92.9,50.0,91.1,228.1,17.9,0.483611111111111,394.4,30.9
60,San Francisco 49ers,81.3,151,2011,44,84.6,40.7,127.8,183.1,23.8,0.535277777777778,308.2,14.3
61,Arizona Cardinals,50.0,-36,2011,19,79.2,51.1,101.6,222.9,19.5,0.478611111111111,355.1,21.8
62,Seattle Seahawks,43.8,6,2011,25,83.3,47.8,109.8,194.1,20.1,0.472777777777778,332.2,19.7
63,Los Angeles Rams,12.5,-214,2011,21,75.0,38.7,104.2,179.4,12.1,0.469444444444444,358.4,25.4
64,New England Patriots,75.0,226,2012,29,82.9,70.0,136.5,291.4,34.8,0.515277777777778,373.2,20.7
65,Miami Dolphins,43.8,-29,2012,23,76.7,55.3,112.8,200.1,18.0,0.483055555555556,356.8,19.8
66,New York Jets,37.5,-94,2012,21,77.8,48.9,118.5,180.7,17.6,0.507222222222222,323.4,23.4
67,Buffalo Bills,37.5,-91,2012,21,87.5,50.0,138.6,204.3,21.5,0.503055555555556,362.9,27.2
68,Baltimore Ravens,62.5,54,2012,30,90.9,57.1,118.8,233.7,24.9,0.4775,350.9,21.5
69,Cincinnati Bengals,62.5,71,2012,30,85.7,54.4,109.1,223.6,24.4,0.507222222222222,319.7,20.0
70,Pittsburgh Steelers,50.0,22,2012,28,90.3,55.1,96.1,236.7,21.0,0.536388888888889,275.8,19.6
71,Cleveland Browns,31.3,-66,2012,29,93.5,43.6,99.6,214.7,18.9,0.470555555555556,363.8,23.0
72,Houston Texans,75.0,85,2012,31,81.6,56.1,132.7,239.4,26.0,0.562777777777778,324.7,20.7
73,Indianapolis Colts,68.8,-30,2012,26,78.8,54.2,104.4,258.0,22.3,0.5125,374.2,24.2
74,Tennessee Titans,37.5,-141,2012,25,80.6,50.0,105.4,207.7,20.6,0.461111111111111,374.5,29.4
75,Jacksonville Jaguars,12.5,-189,2012,25,89.3,44.4,85.6,214.1,15.9,0.467222222222222,380.5,27.8
76,Denver Broncos,81.3,192,2012,26,81.3,59.1,114.5,283.4,30.1,0.521111111111111,290.8,18.1
77,Los Angeles Chargers,43.8,0,2012,25,92.6,46.8,91.3,205.9,21.9,0.526944444444444,326.4,21.9
78,Las Vegas Raiders,25.0,-153,2012,31,91.2,42.9,88.8,255.2,18.1,0.491666666666667,354.5,27.7
79,Kansas City Chiefs,12.5,-214,2012,28,82.4,27.0,149.7,169.6,13.2,0.505277777777778,356.5,26.6
80,Washington Commanders,62.5,48,2012,24,80.0,60.4,169.3,214.2,27.2,0.519722222222222,377.7,24.2
81,New York Giants,56.3,85,2012,33,84.6,54.8,116.4,239.1,26.8,0.486111111111111,383.4,21.5
82,Dallas Cowboys,50.0,-24,2012,29,93.5,51.0,79.1,295.6,23.5,0.521111111111111,355.4,25.0
83,Philadelphia Eagles,25.0,-164,2012,27,87.1,44.0,117.1,236.9,17.5,0.495277777777778,343.2,27.8
84,Green Bay Packers,68.8,97,2012,21,63.6,68.1,106.4,253.1,27.1,0.507222222222222,336.8,21.0
85,Minnesota Vikings,62.5,31,2012,35,92.1,53.8,164.6,171.9,23.7,0.478888888888889,350.4,21.8
86,Chicago Bears,62.5,98,2012,27,81.8,50.0,123.1,187.0,23.4,0.530277777777778,315.6,17.3
87,Detroit Lions,25.0,-65,2012,32,88.9,60.0,100.8,307.9,23.2,0.534722222222222,341.2,27.3
88,Atlanta Falcons,81.3,120,2012,33,86.8,58.7,87.3,281.8,26.2,0.514444444444444,365.6,18.7
89,Carolina Panthers,43.8,-6,2012,16,76.2,58.7,130.5,230.2,22.3,0.497222222222222,333.1,22.7
90,New Orleans Saints,43.8,7,2012,18,81.8,68.4,98.6,312.3,28.8,0.483611111111111,440.4,28.4
91,Tampa Bay Buccaneers,43.8,-5,2012,28,84.8,59.6,114.8,248.9,24.3,0.504444444444444,379.9,24.6
92,San Francisco 49ers,71.9,124,2012,29,69.0,50.9,155.7,206.1,24.8,0.528888888888889,294.4,17.1
93,Seattle Seahawks,68.8,167,2012,24,88.9,57.4,161.2,189.4,25.8,0.530555555555556,306.2,15.3
94,Los Angeles Rams,46.9,-49,2012,23,74.2,51.4,107.2,221.9,18.7,0.496111111111111,342.6,21.8
95,Arizona Cardinals,31.3,-107,2012,25,89.3,40.0,75.2,187.8,15.6,0.488611111111111,337.8,22.3
96,New England Patriots,75.0,106,2013,28,84.8,55.4,129.1,256.4,27.8,0.505555555555556,373.1,21.1
97,New York Jets,50.0,-97,2013,19,76.0,50.0,134.9,183.2,18.1,0.503611111111111,335.6,24.2
98,Miami Dolphins,50.0,-18,2013,33,84.6,56.5,90.0,222.9,19.8,0.478333333333333,360.7,20.9
99,Buffalo Bills,37.5,-49,2013,23,74.2,47.7,144.2,193.9,21.2,0.478611111111111,334.3,24.2
100,Cincinnati Bengals,68.8,125,2013,33,86.8,73.9,109.7,259.6,26.9,0.546944444444444,305.5,19.1
101,Pittsburgh Steelers,50.0,9,2013,23,74.2,52.8,86.4,252.4,23.7,0.514722222222222,338.5,23.1
102,Baltimore Ravens,50.0,-32,2013,30,76.9,46.2,83.0,224.4,20.0,0.505555555555556,335.5,22.0
103,Cleveland Browns,25.0,-98,2013,24,82.8,52.8,86.4,254.4,19.2,0.478055555555556,332.4,25.4
104,Indianapolis Colts,68.8,55,2013,23,85.2,56.0,108.9,232.8,24.4,0.494722222222222,357.1,21.0
105,Tennessee Titans,43.8,-19,2013,29,90.6,57.1,118.4,218.5,22.6,0.504444444444444,337.9,23.8
106,Jacksonville Jaguars,25.0,-202,2013,23,92.0,43.9,78.8,215.1,15.4,0.456111111111111,379.4,28.1
107,Houston Texans,12.5,-152,2013,32,84.2,50.0,108.9,238.3,17.2,0.525,317.6,26.8
108,Denver Broncos,81.3,207,2013,19,76.0,76.1,117.1,340.2,37.9,0.508611111111111,356.0,24.9
109,Kansas City Chiefs,68.8,125,2013,24,80.0,57.9,128.5,208.8,26.9,0.518055555555556,367.8,19.1
110,Los Angeles Chargers,56.3,48,2013,28,80.0,50.8,122.8,270.5,24.8,0.559722222222222,366.5,21.8
111,Las Vegas Raiders,25.0,-131,2013,31,88.6,59.5,125.0,208.8,20.1,0.498333333333333,363.7,28.3
112,Philadelphia Eagles,62.5,60,2013,24,88.9,52.6,160.4,256.9,27.6,0.44,394.0,23.9
113,Dallas Cowboys,50.0,7,2013,32,86.5,68.6,94.0,247.1,27.4,0.483611111111111,415.3,27.0
114,New York Giants,43.8,-89,2013,19,79.2,47.2,83.2,224.2,18.4,0.487777777777778,332.2,23.9
115,Washington Commanders,18.8,-144,2013,31,75.6,52.0,135.2,234.4,20.9,0.514722222222222,354.1,29.9
116,Green Bay Packers,53.1,-11,2013,24,85.7,50.8,133.5,266.8,26.1,0.514444444444444,372.2,26.8
117,Chicago Bears,50.0,-33,2013,28,87.5,58.3,114.2,268.1,27.8,0.517222222222222,394.6,29.9
118,Detroit Lions,43.8,19,2013,24,82.8,62.5,112.0,280.1,24.7,0.539166666666667,346.6,23.5
119,Minnesota Vikings,34.4,-89,2013,22,78.6,52.1,130.1,214.2,24.4,0.474166666666667,399.2,30.0
120,Carolina Panthers,75.0,125,2013,22,78.6,58.0,126.6,191.9,22.9,0.531388888888889,301.2,15.1
121,New Orleans Saints,68.8,110,2013,28,82.4,56.1,92.1,307.4,25.9,0.544444444444444,305.7,19.0
122,Atlanta Falcons,25.0,-90,2013,27,93.1,51.9,77.9,265.2,22.1,0.505555555555556,379.4,27.7
123,Tampa Bay Buccaneers,25.0,-101,2013,26,92.9,51.4,100.8,176.2,18.0,0.493333333333333,348.0,24.3
124,Seattle Seahawks,81.3,186,2013,25,83.3,56.1,136.8,202.2,26.1,0.508888888888889,273.6,14.4
125,San Francisco 49ers,75.0,134,2013,44,84.6,56.4,137.6,186.2,25.4,0.509444444444444,318.7,17.0
126,Arizona Cardinals,62.5,55,2013,19,79.2,52.0,96.2,250.1,23.7,0.516388888888889,317.4,20.2
127,Los Angeles Rams,43.8,-16,2013,21,75.0,51.0,109.5,195.3,21.8,0.484722222222222,345.0,22.8
128,New England Patriots,75.0,155,2014,35,94.6,58.2,107.9,257.6,29.2,0.493333333333333,344.1,19.6
129,Buffalo Bills,56.3,54,2014,34,89.5,43.1,92.6,225.9,21.4,0.495555555555556,312.2,18.1
130,Miami Dolphins,50.0,15,2014,29,78.4,51.5,117.0,233.1,24.2,0.501944444444444,343.4,23.3
131,New York Jets,25.0,-118,2014,32,82.1,36.2,142.5,184.1,17.7,0.516944444444444,327.2,25.1
132,Pittsburgh Steelers,68.8,68,2014,29,90.6,52.7,109.5,301.6,27.2,0.54,354.9,23.0
133,Cincinnati Bengals,65.6,21,2014,26,78.8,57.1,134.2,213.8,22.8,0.508611111111111,359.3,21.5
134,Baltimore Ravens,62.5,107,2014,29,85.3,52.4,126.2,238.7,25.6,0.494166666666667,336.9,18.9
135,Cleveland Browns,43.8,-38,2014,25,78.1,49.0,108.0,218.1,18.7,0.47,366.1,21.1
136,Indianapolis Colts,68.8,89,2014,30,96.8,55.0,100.8,305.9,28.6,0.531666666666667,342.7,23.1
137,Houston Texans,56.3,65,2014,30,85.7,54.2,135.1,209.5,23.2,0.518333333333333,348.2,19.2
138,Jacksonville Jaguars,18.8,-163,2014,20,76.9,40.6,102.1,187.6,15.6,0.453055555555556,370.8,25.8
139,Tennessee Titans,12.5,-184,2014,19,86.4,48.7,90.4,213.2,15.9,0.458333333333333,373.0,27.4
140,Denver Broncos,75.0,128,2014,24,82.8,62.9,111.6,291.3,30.1,0.5125,305.2,22.1
141,Kansas City Chiefs,56.3,72,2014,25,83.3,58.3,119.9,198.9,22.1,0.499722222222222,330.5,17.6
142,Los Angeles Chargers,56.3,0,2014,22,84.6,54.2,85.4,256.1,21.8,0.516111111111111,338.3,21.8
143,Las Vegas Raiders,18.8,-199,2014,19,86.4,72.4,77.5,204.7,15.8,0.472222222222222,357.6,28.2
144,Dallas Cowboys,75.0,115,2014,25,86.2,64.7,147.1,236.5,29.2,0.547222222222222,355.1,22.0
145,Philadelphia Eagles,62.5,74,2014,32,88.9,49.2,124.5,272.2,29.6,0.444444444444444,375.6,25.0
146,New York Giants,37.5,-20,2014,24,92.3,59.0,100.2,267.0,23.8,0.512222222222222,375.8,25.0
147,Washington Commanders,25.0,-137,2014,24,88.9,47.9,105.7,252.9,18.8,0.512777777777778,357.0,27.4
148,Green Bay Packers,75.0,138,2014,27,81.8,57.8,119.8,266.3,30.4,0.508888888888889,346.4,21.8
149,Detroit Lions,68.8,39,2014,25,65.8,53.2,88.9,251.9,20.1,0.528055555555556,302.8,17.6
150,Minnesota Vikings,43.8,-18,2014,26,74.3,53.8,112.8,203.9,20.3,0.481111111111111,345.1,21.4
151,Chicago Bears,31.3,-123,2014,12,75.0,63.8,90.1,237.4,19.9,0.503611111111111,378.2,27.6
152,Carolina Panthers,46.9,-35,2014,29,82.9,46.8,127.2,221.3,21.2,0.538055555555556,339.8,23.4
153,New Orleans Saints,43.8,-23,2014,19,86.4,60.0,113.6,297.8,25.1,0.509166666666667,384.0,26.5
154,Atlanta Falcons,37.5,-36,2014,29,90.6,61.4,93.6,284.6,23.8,0.490833333333333,398.2,26.1
155,Tampa Bay Buccaneers,12.5,-133,2014,20,83.3,53.8,85.9,206.1,17.3,0.454444444444444,368.9,25.6
156,Seattle Seahawks,75.0,140,2014,31,83.8,51.7,172.6,203.1,24.6,0.539444444444444,267.1,15.9
157,Arizona Cardinals,68.8,11,2014,29,87.9,42.1,81.8,238.0,19.4,0.496666666666667,368.2,18.7
158,San Francisco 49ers,50.0,-34,2014,25,80.6,43.2,136.0,191.4,19.1,0.528888888888889,321.4,21.2
159,Los Angeles Rams,37.5,-30,2014,24,80.0,50.0,102.2,212.5,20.2,0.486666666666667,351.6,22.1
160,New England Patriots,75.0,150,2015,33,91.7,65.6,87.8,286.7,29.1,0.504722222222222,340.9,19.7
161,New York Jets,62.5,73,2015,27,81.8,66.0,116.8,253.6,24.2,0.521944444444444,318.6,19.6
162,Buffalo Bills,50.0,20,2015,23,85.2,50.0,152.0,208.9,23.7,0.521666666666667,356.4,22.4
163,Miami Dolphins,37.5,-79,2015,13,81.3,53.5,93.5,238.2,19.4,0.456111111111111,376.2,24.3
164,Cincinnati Bengals,75.0,140,2015,23,82.1,65.5,112.8,245.2,26.2,0.520277777777778,340.8,17.4
165,Pittsburgh Steelers,62.5,104,2015,35,83.3,60.7,107.8,287.7,26.4,0.495,363.1,19.9
166,Baltimore Ravens,31.3,-73,2015,33,82.5,48.9,92.4,266.9,20.5,0.508888888888889,337.4,25.1
167,Cleveland Browns,18.8,-154,2015,28,87.5,38.3,95.6,236.4,17.4,0.516944444444444,379.2,27.0
168,Houston Texans,56.3,26,2015,23,85.2,57.8,108.2,239.6,21.2,0.513055555555556,310.2,19.6
169,Indianapolis Colts,50.0,-75,2015,25,92.6,53.1,89.9,231.5,20.8,0.5025,379.1,25.5
170,Jacksonville Jaguars,31.3,-72,2015,26,86.7,53.7,92.1,256.8,23.5,0.464166666666667,375.0,28.0
171,Tennessee Titans,18.8,-124,2015,14,87.5,65.0,92.8,218.9,18.7,0.492777777777778,344.2,26.4
172,Denver Broncos,75.0,59,2015,30,85.7,47.7,107.4,248.1,22.2,0.508055555555556,283.1,18.5
173,Kansas City Chiefs,68.8,118,2015,30,81.1,57.4,127.8,203.4,25.3,0.515,329.3,17.9
174,Las Vegas Raiders,43.8,-40,2015,21,80.8,61.0,91.1,243.9,22.4,0.4925,363.6,24.9
175,Los Angeles Chargers,25.0,-78,2015,26,81.3,63.6,84.9,286.9,20.0,0.530555555555556,361.9,24.9
176,Washington Commanders,56.3,9,2015,26,86.7,61.2,97.9,255.9,24.2,0.528888888888889,380.6,23.7
177,Philadelphia Eagles,43.8,-53,2015,21,80.8,55.8,108.9,255.4,23.6,0.435,401.6,26.9
178,New York Giants,37.5,-22,2015,30,93.8,44.4,100.6,271.9,26.2,0.474444444444444,420.3,27.6
179,Dallas Cowboys,25.0,-99,2015,30,93.8,44.4,118.1,219.2,17.2,0.518611111111111,348.3,23.4
180,Minnesota Vikings,68.8,63,2015,34,87.2,50.0,138.2,183.0,22.8,0.509166666666667,344.4,18.9
181,Green Bay Packers,62.5,45,2015,24,85.7,53.8,115.6,218.9,23.0,0.502222222222222,346.7,20.2
182,Detroit Lions,43.8,-42,2015,22,91.7,69.4,83.4,263.2,22.4,0.524722222222222,349.8,25.0
183,Chicago Bears,37.5,-62,2015,33,84.6,48.0,115.9,228.9,20.9,0.524722222222222,346.9,24.8
184,Carolina Panthers,93.8,192,2015,30,83.3,68.3,142.6,226.4,31.2,0.534166666666667,322.9,19.2
185,Atlanta Falcons,50.0,-6,2015,25,80.6,54.7,100.4,273.9,21.2,0.538611111111111,347.6,21.6
186,New Orleans Saints,43.8,-68,2015,18,69.2,60.3,93.2,310.6,25.5,0.5225,413.4,29.8
187,Tampa Bay Buccaneers,37.5,-75,2015,29,72.5,52.9,135.1,240.8,21.4,0.483333333333333,341.1,26.1
188,Arizona Cardinals,81.3,176,2015,28,90.3,60.3,119.8,288.5,30.6,0.534166666666667,321.7,19.6
189,Seattle Seahawks,62.5,146,2015,29,93.5,55.1,141.8,236.9,26.4,0.537222222222222,291.8,17.3
190,Los Angeles Rams,43.8,-50,2015,21,67.7,52.8,122.2,175.3,17.5,0.470555555555556,367.8,20.6
191,San Francisco 49ers,31.3,-149,2015,24,88.9,43.6,96.5,207.2,14.9,0.445,387.4,24.2
192,New England Patriots,87.5,191,2016,27,84.4,63.3,117.0,269.2,27.6,0.52,326.4,15.6
193,Miami Dolphins,62.5,-17,2016,16,76.2,55.3,114.0,218.8,22.7,0.483055555555556,382.6,23.8
194,Buffalo Bills,43.8,21,2016,19,76.0,64.8,164.4,189.8,24.9,0.496388888888889,357.0,23.6
195,New York Jets,31.3,-134,2016,27,87.1,35.2,112.6,216.6,17.2,0.511388888888889,342.4,25.6
196,Pittsburgh Steelers,68.8,72,2016,24,85.7,59.2,110.0,262.6,24.9,0.5125,342.6,20.4
197,Baltimore Ravens,50.0,22,2016,38,97.4,52.2,91.4,256.2,21.4,0.5125,322.1,20.1
198,Cincinnati Bengals,40.6,10,2016,28,80.0,53.7,110.6,246.4,20.3,0.505277777777778,350.8,19.7
199,Cleveland Browns,6.3,-188,2016,21,77.8,54.5,107.0,204.0,16.5,0.471111111111111,392.4,28.2
200,Houston Texans,56.3,-49,2016,35,85.4,40.9,116.2,198.5,17.4,0.525833333333333,301.3,20.5
201,Tennessee Titans,56.3,3,2016,22,91.7,72.0,136.7,221.3,23.8,0.508611111111111,357.5,23.6
202,Indianapolis Colts,50.0,19,2016,27,87.1,66.0,101.8,262.6,25.7,0.514444444444444,382.9,24.5
203,Jacksonville Jaguars,18.8,-82,2016,27,79.4,60.0,101.9,233.0,19.9,0.485833333333333,321.7,25.0
204,Kansas City Chiefs,75.0,78,2016,31,88.6,45.5,109.2,233.8,24.3,0.51,368.5,19.4
205,Las Vegas Raiders,75.0,31,2016,29,82.9,57.1,120.1,253.2,26.0,0.528888888888889,375.1,24.1
206,Denver Broncos,56.3,36,2016,29,85.3,46.8,92.8,230.3,20.8,0.484166666666667,316.1,18.6
207,Los Angeles Chargers,31.3,-13,2016,26,81.3,51.6,94.4,262.4,25.6,0.509166666666667,347.1,26.4
208,Dallas Cowboys,81.3,115,2016,27,84.4,66.7,149.8,226.9,26.3,0.531666666666667,343.9,19.1
209,New York Giants,68.8,26,2016,21,95.5,53.5,88.2,242.4,19.4,0.471666666666667,339.7,17.8
210,Washington Commanders,53.1,13,2016,34,81.0,45.9,106.0,297.4,24.8,0.501388888888889,377.9,23.9
211,Philadelphia Eagles,43.8,36,2016,35,85.4,49.1,113.3,224.1,22.9,0.541944444444444,342.8,20.7
212,Green Bay Packers,62.5,44,2016,26,86.7,60.6,106.3,262.4,27.0,0.520277777777778,363.9,24.2
213,Detroit Lions,56.3,-12,2016,31,86.1,54.2,81.9,256.9,21.6,0.501666666666667,354.8,22.4
214,Minnesota Vikings,50.0,20,2016,27,87.1,46.0,75.3,239.8,20.4,0.509722222222222,314.9,19.2
215,Chicago Bears,18.8,-120,2016,18,78.3,51.0,108.4,248.1,17.4,0.468333333333333,346.8,24.9
216,Atlanta Falcons,68.8,134,2016,34,91.9,61.9,120.5,295.3,33.8,0.506111111111111,371.2,25.4
217,Tampa Bay Buccaneers,56.3,-15,2016,22,71.0,51.9,101.0,245.4,22.1,0.515833333333333,367.9,23.1
218,New Orleans Saints,43.8,15,2016,28,82.4,66.2,108.9,317.1,29.3,0.515555555555556,375.4,28.4
219,Carolina Panthers,37.5,-33,2016,30,78.9,59.2,113.4,230.3,23.1,0.513888888888889,359.8,25.1
220,Seattle Seahawks,65.6,62,2016,33,89.2,46.4,99.4,257.8,22.1,0.500833333333333,318.7,18.2
221,Arizona Cardinals,46.9,56,2016,21,75.0,64.8,108.2,258.5,26.1,0.514722222222222,305.2,22.6
222,Los Angeles Rams,25.0,-170,2016,19,86.4,47.1,78.2,184.4,14.0,0.488888888888889,337.0,24.6
223,San Francisco 49ers,12.5,-171,2016,18,85.7,68.2,126.2,181.9,19.3,0.448611111111111,406.4,30.0
224,New England Patriots,81.3,162,2017,37,92.5,60.0,118.1,276.1,28.6,0.510277777777778,366.0,18.5
225,Buffalo Bills,56.3,-57,2017,29,87.9,52.3,126.1,176.6,18.9,0.472222222222222,355.1,22.4
226,Miami Dolphins,37.5,-112,2017,21,91.3,52.6,86.8,220.9,17.6,0.49,335.7,24.6
227,New York Jets,31.3,-84,2017,25,83.3,54.5,106.4,198.9,18.6,0.503333333333333,352.2,23.9
228,Pittsburgh Steelers,81.3,98,2017,35,92.1,50.8,104.2,273.8,25.4,0.532777777777778,306.9,19.2
229,Baltimore Ravens,56.3,92,2017,34,91.9,57.7,116.0,189.4,24.7,0.514444444444444,325.1,18.9
230,Cincinnati Bengals,43.8,-59,2017,18,90.0,55.8,85.4,195.1,18.1,0.455,339.1,21.8
231,Cleveland Browns,0.0,-176,2017,15,75.0,48.7,107.1,201.8,14.6,0.469722222222222,328.1,25.6
232,Jacksonville Jaguars,62.5,149,2017,30,85.7,64.0,141.4,224.6,26.1,0.538611111111111,286.1,16.8
233,Tennessee Titans,56.3,-22,2017,35,83.3,52.5,114.6,199.4,20.9,0.501388888888889,328.0,22.2
234,Indianapolis Colts,25.0,-141,2017,29,85.3,40.0,103.8,180.8,16.4,0.494722222222222,367.1,25.2
235,Houston Texans,25.0,-98,2017,20,80.0,52.4,115.1,204.9,21.1,0.501666666666667,346.6,27.2
236,Kansas City Chiefs,62.5,76,2017,41,91.1,42.0,118.9,256.5,25.9,0.515277777777778,365.1,21.2
237,Los Angeles Chargers,56.3,83,2017,20,66.7,46.8,99.7,276.9,22.2,0.505833333333333,328.4,17.0
238,Las Vegas Raiders,37.5,-72,2017,16,76.2,58.8,97.1,226.9,18.8,0.481388888888889,350.1,23.3
239,Denver Broncos,31.3,-93,2017,24,75.0,39.6,115.8,208.3,18.1,0.524444444444444,290.0,23.9
240,Philadelphia Eagles,81.3,162,2017,29,85.3,65.5,132.2,233.6,28.6,0.544722222222222,306.5,18.4
241,Dallas Cowboys,56.3,22,2017,22,75.9,59.6,135.6,196.3,22.1,0.503333333333333,318.1,20.8
242,Washington Commanders,43.8,-46,2017,24,85.7,54.3,90.5,234.4,21.4,0.495555555555556,347.9,24.2
243,New York Giants,18.8,-142,2017,18,72.0,48.7,96.8,217.4,15.4,0.478055555555556,373.2,24.2
244,Minnesota Vikings,81.3,130,2017,32,84.2,57.9,122.3,234.6,23.9,0.540555555555556,275.9,15.8
245,Detroit Lions,56.3,34,2017,30,85.7,56.5,76.3,261.4,25.6,0.496388888888889,355.8,23.5
246,Green Bay Packers,43.8,-64,2017,15,78.9,61.9,107.8,197.9,20.0,0.485833333333333,348.9,24.0
247,Chicago Bears,31.3,-56,2017,16,72.7,60.6,111.8,175.7,16.5,0.484722222222222,319.1,20.0
248,New Orleans Saints,68.8,122,2017,31,86.1,58.2,129.4,261.8,28.0,0.519166666666667,336.5,20.4
249,Carolina Panthers,68.8,36,2017,29,96.7,53.8,131.4,192.3,22.7,0.538055555555556,317.1,20.4
250,Atlanta Falcons,62.5,38,2017,34,87.2,50.0,115.4,249.4,22.1,0.497222222222222,318.4,19.7
251,Tampa Bay Buccaneers,31.3,-47,2017,25,73.5,49.1,90.5,272.9,20.9,0.495277777777778,378.1,23.9
252,Los Angeles Rams,68.8,149,2017,40,93.0,55.1,122.1,239.4,29.9,0.501666666666667,339.5,20.6
253,Seattle Seahawks,56.3,34,2017,21,72.4,55.6,101.8,228.6,22.9,0.488611111111111,323.2,20.8
254,Arizona Cardinals,50.0,-66,2017,32,80.0,41.7,86.6,227.5,18.4,0.519166666666667,310.8,22.6
255,San Francisco 49ers,37.5,-52,2017,39,95.1,47.1,103.9,245.3,20.7,0.4875,351.6,23.9
256,New England Patriots,68.8,111,2018,27,84.4,59.6,127.3,266.1,27.2,0.518055555555556,359.1,20.3
257,Miami Dolphins,43.8,-114,2018,18,90.0,51.6,108.6,181.2,19.9,0.468333333333333,391.1,27.1
258,Buffalo Bills,37.5,-105,2018,22,78.6,59.5,124.0,174.6,16.8,0.508055555555556,294.1,23.4
259,New York Jets,25.0,-108,2018,33,91.7,44.4,101.4,197.8,20.8,0.486111111111111,380.4,27.6
260,Baltimore Ravens,62.5,102,2018,35,89.7,55.9,152.6,222.4,24.3,0.548333333333333,292.9,17.9
261,Pittsburgh Steelers,59.4,68,2018,16,69.6,73.5,90.3,313.0,26.8,0.516666666666667,327.2,22.5
262,Cleveland Browns,46.9,-33,2018,19,76.0,66.7,118.3,250.4,22.4,0.491111111111111,393.0,24.5
263,Cincinnati Bengals,37.5,-87,2018,19,82.6,71.1,105.1,205.6,23.0,0.457222222222222,413.6,28.4
264,Houston Texans,68.8,86,2018,37,88.1,50.0,126.3,236.3,25.1,0.512777777777778,343.1,19.8
265,Indianapolis Colts,62.5,89,2018,23,85.2,68.8,107.4,278.8,27.1,0.501111111111111,339.7,21.5
266,Tennessee Titans,56.3,7,2018,26,86.7,53.2,126.7,185.9,19.4,0.496111111111111,333.4,18.9
267,Jacksonville Jaguars,31.3,-71,2018,23,88.5,44.1,107.7,194.3,15.3,0.503611111111111,311.4,19.8
268,Kansas City Chiefs,75.0,144,2018,24,88.9,71.8,115.9,309.7,35.3,0.486388888888889,405.5,26.3
269,Los Angeles Chargers,75.0,99,2018,24,82.8,64.2,117.1,255.6,26.8,0.511666666666667,333.7,20.6
270,Denver Broncos,37.5,-20,2018,20,80.0,56.8,119.2,230.9,20.6,0.482777777777778,365.1,21.8
271,Las Vegas Raiders,25.0,-177,2018,27,84.4,53.5,101.8,234.4,18.1,0.516388888888889,381.4,29.2
272,Dallas Cowboys,62.5,15,2018,29,80.6,48.0,122.7,221.1,21.2,0.525277777777778,329.2,20.2
273,Philadelphia Eagles,56.3,19,2018,26,83.9,57.9,98.1,267.2,22.9,0.543888888888889,366.2,21.8
274,Washington Commanders,43.8,-78,2018,26,89.7,52.5,110.9,188.8,17.6,0.493611111111111,353.4,22.4
275,New York Giants,31.3,-43,2018,32,97.0,50.0,103.1,252.9,23.1,0.482222222222222,371.4,25.8
276,Chicago Bears,75.0,138,2018,23,76.7,66.7,121.1,222.8,26.3,0.539444444444444,299.7,17.7
277,Minnesota Vikings,53.1,19,2018,22,68.8,54.0,93.3,252.2,22.5,0.492777777777778,309.7,21.3
278,Green Bay Packers,40.6,-24,2018,30,81.1,61.7,104.2,264.9,23.5,0.500555555555556,354.4,25.0
279,Detroit Lions,37.5,-36,2018,28,87.5,53.1,103.8,223.5,20.2,0.523055555555556,335.0,22.5
280,New Orleans Saints,81.3,151,2018,28,93.3,69.6,126.6,252.6,31.5,0.531111111111111,349.1,22.1
281,Atlanta Falcons,43.8,-9,2018,25,96.2,64.0,98.3,290.8,25.9,0.493055555555556,384.5,26.4
282,Carolina Panthers,43.8,-6,2018,19,90.5,62.1,133.5,239.8,23.5,0.511944444444444,353.2,23.9
283,Tampa Bay Buccaneers,31.3,-68,2018,20,74.1,60.0,95.2,320.3,24.8,0.508055555555556,383.4,29.0
284,Los Angeles Rams,81.3,143,2018,34,82.9,57.5,139.4,281.7,32.9,0.511388888888889,358.6,24.0
285,Seattle Seahawks,62.5,81,2018,22,81.5,65.5,160.0,193.3,26.8,0.524444444444444,353.3,21.7
286,San Francisco 49ers,25.0,-93,2018,33,97.1,41.2,118.9,241.7,21.4,0.498611111111111,346.6,27.2
287,Arizona Cardinals,18.8,-200,2018,12,70.6,64.3,83.9,157.7,14.1,0.4425,358.8,26.6
288,New England Patriots,75.0,195,2019,27,79.4,50.0,106.4,247.6,26.2,0.528333333333333,275.9,14.1
289,Buffalo Bills,62.5,55,2019,22,78.6,56.8,128.4,201.8,19.6,0.499722222222222,298.2,16.2
290,New York Jets,43.8,-83,2019,19,67.9,54.5,78.6,194.4,17.2,0.481111111111111,323.1,22.4
291,Miami Dolphins,31.3,-188,2019,23,76.7,56.3,72.2,237.8,19.1,0.481944444444444,397.8,30.9
292,Baltimore Ravens,87.5,249,2019,28,96.6,67.2,206.0,201.6,33.2,0.579722222222222,300.6,17.6
293,Pittsburgh Steelers,50.0,-14,2019,29,93.5,35.0,90.4,186.3,18.1,0.480555555555556,304.1,18.9
294,Cleveland Browns,37.5,-58,2019,25,86.2,58.0,118.8,222.1,20.9,0.495,361.6,24.6
295,Cincinnati Bengals,12.5,-141,2019,27,87.1,43.8,94.8,228.2,17.4,0.493611111111111,393.7,26.2
296,Houston Texans,62.5,-7,2019,20,80.0,64.2,125.6,236.4,23.6,0.500555555555556,388.3,24.1
297,Tennessee Titans,56.3,71,2019,8,44.4,75.6,138.9,223.9,25.1,0.475,359.5,20.7
298,Indianapolis Colts,43.8,-12,2019,22,71.0,64.3,133.1,194.2,22.6,0.503055555555556,346.8,23.3
299,Jacksonville Jaguars,37.5,-97,2019,33,97.1,40.4,106.8,235.0,18.8,0.508055555555556,375.4,24.8
300,Kansas City Chiefs,75.0,143,2019,34,89.5,54.0,98.1,281.1,28.2,0.490833333333333,349.6,19.2
301,Denver Broncos,43.8,-34,2019,29,85.3,47.6,103.9,194.7,17.6,0.488888888888889,337.0,19.8
302,Las Vegas Raiders,43.8,-106,2019,19,73.1,52.8,118.3,245.4,19.6,0.516944444444444,354.8,26.2
303,Los Angeles Chargers,31.3,-8,2019,26,76.5,52.8,90.8,276.6,21.1,0.512777777777778,313.1,21.6
304,Philadelphia Eagles,56.3,31,2019,22,84.6,66.7,121.2,239.6,24.1,0.551666666666667,331.7,22.1
305,Dallas Cowboys,50.0,113,2019,30,75.0,57.4,134.6,296.9,27.1,0.492222222222222,327.0,20.1
306,New York Giants,25.0,-110,2019,12,70.6,57.1,105.3,233.2,21.3,0.478611111111111,377.3,28.2
307,Washington Commanders,18.8,-169,2019,25,83.3,48.8,98.9,175.8,16.6,0.453055555555556,385.1,27.2
308,Green Bay Packers,81.3,63,2019,22,91.7,64.0,112.2,233.3,23.5,0.524166666666667,352.6,19.6
309,Minnesota Vikings,62.5,104,2019,27,93.1,60.7,133.3,220.2,25.4,0.480277777777778,341.6,18.9
310,Chicago Bears,50.0,-18,2019,23,82.1,52.2,91.1,205.7,17.5,0.504444444444444,324.1,18.6
311,Detroit Lions,21.9,-82,2019,26,83.9,59.5,103.1,243.8,21.3,0.485833333333333,400.4,26.4
312,New Orleans Saints,81.3,117,2019,32,88.9,59.6,108.6,265.2,28.6,0.538333333333333,333.1,21.3
313,Atlanta Falcons,43.8,-18,2019,32,80.0,51.7,85.1,294.6,23.8,0.515277777777778,355.8,24.9
314,Tampa Bay Buccaneers,43.8,9,2019,27,77.1,64.8,95.1,302.8,28.6,0.515277777777778,343.9,28.1
315,Carolina Panthers,31.3,-130,2019,25,78.1,58.0,113.7,228.1,21.2,0.481666666666667,374.5,29.4
316,San Francisco 49ers,81.3,169,2019,30,76.9,53.2,144.1,237.0,29.9,0.526944444444444,281.8,19.4
317,Seattle Seahawks,68.8,7,2019,23,82.1,63.3,137.5,236.9,25.3,0.523611111111111,381.6,24.9
318,Los Angeles Rams,56.3,30,2019,24,72.7,64.4,93.7,281.2,24.6,0.483333333333333,339.6,22.8
319,Arizona Cardinals,34.4,-81,2019,31,88.6,45.3,124.4,217.3,22.6,0.461388888888889,402.0,27.6
320,Buffalo Bills,81.3,126,2020,28,82.4,61.8,107.7,288.8,31.3,0.529166666666667,352.5,23.4
321,Miami Dolphins,62.5,66,2020,36,92.3,58.3,105.5,233.5,25.2,0.521111111111111,367.9,21.1
322,New England Patriots,43.8,-27,2020,26,92.9,54.2,146.6,180.6,20.4,0.4825,353.8,22.1
323,New York Jets,12.5,-214,2020,21,75.0,42.1,105.2,174.8,15.2,0.464722222222222,387.6,28.6
324,Pittsburgh Steelers,75.0,104,2020,23,95.8,63.5,84.4,250.2,26.0,0.513333333333333,305.8,19.5
325,Baltimore Ravens,68.8,165,2020,26,89.7,63.3,191.9,171.2,29.2,0.525,329.8,18.9
326,Cleveland Browns,68.8,-11,2020,19,79.2,73.6,148.4,221.2,25.5,0.515,358.4,26.2
327,Cincinnati Bengals,28.1,-113,2020,27,79.4,50.0,104.2,215.5,19.4,0.519166666666667,389.2,26.5
328,Tennessee Titans,68.8,52,2020,20,71.4,75.0,168.1,228.3,30.7,0.478333333333333,398.2,27.4
329,Indianapolis Colts,68.8,89,2020,32,86.5,58.3,124.8,253.3,28.2,0.518333333333333,332.1,22.6
330,Houston Texans,25.0,-80,2020,27,87.1,54.0,91.6,283.6,24.0,0.455,416.8,29.0
331,Jacksonville Jaguars,6.3,-186,2020,18,72.0,60.0,94.9,231.2,19.1,0.464166666666667,417.7,30.8
332,Kansas City Chiefs,87.5,111,2020,25,92.6,61.0,112.4,303.4,29.6,0.508611111111111,358.3,22.6
333,Las Vegas Raiders,50.0,-44,2020,33,94.3,54.2,119.8,263.6,27.1,0.517777777777778,389.1,29.9
334,Los Angeles Chargers,43.8,-42,2020,24,72.7,57.1,111.5,270.6,24.0,0.5325,343.4,26.6
335,Denver Broncos,31.3,-123,2020,28,80.0,53.3,119.9,215.7,20.2,0.482777777777778,367.9,27.9
336,Washington Commanders,43.8,6,2020,27,79.4,57.4,100.7,216.6,20.9,0.498333333333333,304.6,20.6
337,New York Giants,37.5,-77,2020,31,96.9,46.3,110.5,189.1,17.5,0.478333333333333,349.3,22.3
338,Dallas Cowboys,37.5,-78,2020,34,82.9,50.0,111.8,260.1,24.7,0.4725,386.4,29.6
339,Philadelphia Eagles,28.1,-84,2020,14,73.7,60.9,126.7,207.9,20.9,0.4875,363.1,26.1
340,Green Bay Packers,81.3,140,2020,16,100.0,80.0,132.4,256.6,31.8,0.542777777777778,334.0,23.1
341,Chicago Bears,50.0,2,2020,30,93.8,56.4,102.9,228.4,23.2,0.507777777777778,344.9,23.1
342,Minnesota Vikings,43.8,-45,2020,15,68.2,71.2,142.7,250.6,26.9,0.500555555555556,393.2,29.7
343,Detroit Lions,31.3,-142,2020,21,75.0,66.0,93.7,256.5,23.6,0.465,419.8,32.4
344,New Orleans Saints,75.0,145,2020,23,82.1,72.1,141.6,234.9,30.1,0.536111111111111,310.9,21.1
345,Tampa Bay Buccaneers,68.8,137,2020,28,90.3,68.9,94.9,289.1,30.8,0.481666666666667,327.1,22.2
346,Carolina Panthers,31.3,-52,2020,29,80.6,50.9,106.5,243.0,21.9,0.516388888888889,360.1,25.1
347,Atlanta Falcons,25.0,-18,2020,38,95.0,53.4,95.8,272.7,24.8,0.511388888888889,398.4,25.9
348,Seattle Seahawks,75.0,88,2020,24,100.0,73.2,123.2,246.3,28.7,0.501944444444444,380.6,23.2
349,Los Angeles Rams,62.5,76,2020,24,80.0,57.9,126.1,250.9,23.2,0.533611111111111,281.9,18.5
350,Arizona Cardinals,50.0,43,2020,23,76.7,65.5,139.8,244.8,25.6,0.484166666666667,351.9,22.9
351,San Francisco 49ers,37.5,-14,2020,22,84.6,67.3,118.1,252.1,23.5,0.523055555555556,314.4,24.4
352,Buffalo Bills,64.7,194,2021,28,87.5,62.3,129.9,252.0,28.4,0.528333333333333,272.8,17.0
353,New England Patriots,58.8,159,2021,36,92.3,61.9,126.5,226.9,27.2,0.510555555555556,310.8,17.8
354,Miami Dolphins,52.9,-32,2021,23,74.2,61.2,92.2,214.8,20.1,0.508333333333333,337.5,21.9
355,New York Jets,23.5,-194,2021,21,77.8,54.9,98.1,208.3,18.2,0.463888888888889,397.6,29.6
356,Cincinnati Bengals,58.8,84,2021,29,85.3,59.6,102.5,259.0,27.1,0.523888888888889,350.8,22.1
357,Pittsburgh Steelers,55.9,-55,2021,36,90.0,54.0,93.1,222.2,20.2,0.5,361.1,23.4
358,Cleveland Browns,47.1,-22,2021,16,72.7,62.0,145.4,195.3,20.5,0.513333333333333,311.5,21.8
359,Baltimore Ravens,47.1,-5,2021,35,94.6,61.8,145.8,233.0,22.8,0.554444444444444,363.4,23.1
360,Tennessee Titans,70.6,65,2021,26,81.3,63.9,141.4,201.1,24.6,0.555555555555556,329.8,20.8
361,Indianapolis Colts,52.9,86,2021,29,82.9,56.3,149.4,197.7,26.5,0.534166666666667,343.2,21.5
362,Houston Texans,23.5,-172,2021,21,77.8,51.4,83.6,194.4,16.5,0.470555555555556,384.4,26.6
363,Jacksonville Jaguars,17.6,-204,2021,21,77.8,51.3,103.2,202.1,14.9,0.455833333333333,353.1,26.9
364,Kansas City Chiefs,70.6,116,2021,28,87.5,59.4,115.0,281.8,28.2,0.515833333333333,368.9,21.4
365,Las Vegas Raiders,58.8,-65,2021,40,93.0,51.7,95.1,268.6,22.0,0.516666666666667,337.2,25.8
366,Los Angeles Chargers,52.9,15,2021,24,88.9,64.0,107.9,282.4,27.9,0.491666666666667,360.1,27.0
367,Denver Broncos,41.2,13,2021,26,83.9,54.7,119.1,211.4,19.7,0.513333333333333,326.1,18.9
368,Dallas Cowboys,70.6,172,2021,29,82.9,63.1,124.6,282.4,31.2,0.511111111111111,351.0,21.1
369,Philadelphia Eagles,52.9,59,2021,30,90.9,62.3,159.7,200.2,26.1,0.498611111111111,328.8,22.6
370,Washington Commanders,41.2,-99,2021,28,84.8,51.0,121.2,202.4,19.7,0.511944444444444,359.3,25.5
371,New York Giants,23.5,-158,2021,29,87.9,44.7,99.3,188.0,15.2,0.478333333333333,354.8,24.5
372,Green Bay Packers,76.5,79,2021,25,73.5,58.6,111.8,253.8,26.5,0.549444444444444,328.2,21.8
373,Minnesota Vikings,47.1,-1,2021,33,86.8,62.3,113.5,249.3,25.0,0.493611111111111,383.6,25.1
374,Chicago Bears,35.3,-96,2021,26,86.7,47.9,118.7,188.6,18.3,0.505277777777778,316.7,23.9
375,Detroit Lions,20.6,-142,2021,26,86.7,46.7,110.9,211.6,19.1,0.486666666666667,379.8,27.5
376,Tampa Bay Buccaneers,76.5,158,2021,25,80.6,66.2,98.4,307.6,30.1,0.507777777777778,331.5,20.8
377,New Orleans Saints,52.9,29,2021,25,83.3,58.9,117.1,187.4,21.4,0.510277777777778,318.2,19.7
378,Atlanta Falcons,41.2,-146,2021,27,93.1,53.7,85.4,218.4,18.4,0.469166666666667,364.4,27.0
379,Carolina Panthers,29.4,-100,2021,26,89.7,53.2,108.4,190.5,17.9,0.511944444444444,305.9,23.8
380,Los Angeles Rams,70.6,88,2021,32,94.1,60.0,99.0,273.1,27.1,0.484166666666667,344.9,21.9
381,Arizona Cardinals,64.7,83,2021,30,81.1,60.0,122.1,251.5,26.4,0.520833333333333,329.2,21.5
382,San Francisco 49ers,58.8,62,2021,27,84.4,66.7,127.4,248.3,25.1,0.519166666666667,310.0,21.5
383,Seattle Seahawks,41.2,29,2021,17,73.9,64.6,122.0,201.9,23.2,0.425833333333333,379.1,21.5
