"Team","WinLoss perc","PD","Year","FGM","FG_perc","RedZone_perc","playoff_win_perc","Score_perc","Turnover_perc","RushYperG","PassYperG","PointperG","possperG","YallowedperG","PointallowedperG","perc_punt_20","Result"
"New England Patriots",87.5,205,"2010",22,88,62.7,87.5,47,5.4,123.3,240.4,32.4,0.49,366.9,19.6,30.6,"Loss"
"New York Jets",68.8,63,"2010",30,76.9,40,68.75,32.2,10.6,148.4,203.2,22.9,0.543611111111111,291.4,19,45.5,"Loss"
"Miami Dolphins",43.8,-60,"2010",30,73.2,52.9,0,29.7,15.7,102.7,220.4,17.1,0.514722222222222,309.3,20.8,42.5,"Loss"
"Buffalo Bills",25,-142,"2010",16,76.2,51.4,0,25.3,19.2,107.5,197.8,17.7,0.476388888888889,361.6,26.6,22.7,"Loss"
"Pittsburgh Steelers",75,143,"2010",29,78.4,48,75,36.9,9.5,120.2,225,23.4,0.54,276.8,14.5,31.6,"Loss"
"Baltimore Ravens",75,87,"2010",26,89.7,49,75,32.8,9.5,114.4,208.4,22.3,0.522222222222222,318.9,16.9,49.4,"Loss"
"Cleveland Browns",31.3,-61,"2010",23,82.1,45.2,0,27.7,15.8,102.9,186.8,16.9,0.4725,350.1,20.8,37.2,"Loss"
"Cincinnati Bengals",25,-73,"2010",24,77.4,49.1,0,30.5,16.3,95.1,235.4,20.1,0.520277777777778,332,24.7,39.4,"Loss"
"Indianapolis Colts",62.5,47,"2010",26,92.9,67.9,62.5,40.2,13.4,92.7,288.1,27.2,0.498333333333333,341.6,24.2,31.9,"Loss"
"Jacksonville Jaguars",50,-66,"2010",22,78.6,63,0,35,16.9,149.7,191.7,22.1,0.53,371.8,26.2,45.6,"Loss"
"Houston Texans",37.5,-37,"2010",27,90,62.3,0,39.7,10.1,127.6,259.9,24.4,0.492222222222222,376.9,26.7,30.2,"Loss"
"Tennessee Titans",37.5,17,"2010",24,92.3,58.1,0,33.2,14.7,107.9,194.2,22.2,0.433611111111111,367.7,21.2,31.2,"Loss"
"Kansas City Chiefs",62.5,40,"2010",20,76.9,59.6,62.5,31.3,6.8,164.2,185.5,22.9,0.527222222222222,330.2,20.4,37.4,"Loss"
"Los Angeles Chargers",56.3,119,"2010",27,81.8,55.9,0,40.3,14.5,113.1,282.4,27.6,0.550555555555556,272.5,20.1,25,"Loss"
"Las Vegas Raiders",50,39,"2010",33,80.5,52.1,0,34.5,11.8,155.9,198.8,25.6,0.5325,322.9,23.2,35.1,"Loss"
"Denver Broncos",25,-127,"2010",22,88,55.8,0,30.6,11.7,96.5,254.3,21.5,0.469166666666667,390.8,29.4,22.1,"Loss"
"Philadelphia Eagles",62.5,62,"2010",32,84.2,53.4,62.5,39.8,11.7,145.2,244.1,27.4,0.520555555555556,327.3,23.6,37.7,"Loss"
"New York Giants",62.5,47,"2010",19,82.6,57.4,0,32.4,20.3,137.5,242.8,24.6,0.542222222222222,310.6,21.7,27.8,"Loss"
"Dallas Cowboys",37.5,-42,"2010",24,75,59.6,0,34.6,14.8,111.6,252.4,24.6,0.523333333333333,351.8,27.2,33.8,"Loss"
"Washington Commanders",37.5,-75,"2010",24,68.6,51.2,0,26.3,14.6,91.3,244.6,18.9,0.480555555555556,389.2,23.6,20.5333333333333,"Loss"
"Chicago Bears",68.8,48,"2010",25,83.3,45.1,68.75,29.3,15.7,101,188.9,20.9,0.491666666666667,314.3,17.9,29.9,"Loss"
"Green Bay Packers",62.5,148,"2010",22,78.6,60.4,62.5,35,10.9,100.4,257.8,24.2,0.533611111111111,309.1,15,36,"Win"
"Detroit Lions",37.5,-7,"2010",25,83.3,64.4,0,32.1,12.4,100.8,238.1,22.6,0.496388888888889,344.1,23.1,26.7,"Loss"
"Minnesota Vikings",37.5,-67,"2010",17,94.4,43.5,0,24.9,19,121.4,193.6,17.6,0.506666666666667,313.1,21.8,38.6,"Loss"
"Atlanta Falcons",81.3,126,"2010",28,90.3,60.3,81.25,39.3,9,118.2,222.9,25.9,0.546388888888889,332.4,18,39,"Loss"
"New Orleans Saints",68.8,77,"2010",25,80.6,50.8,68.75,38.5,16.7,94.9,277.6,24,0.534722222222222,306.2,19.2,34.4,"Loss"
"Tampa Bay Buccaneers",62.5,23,"2010",23,82.1,52.3,0,33.7,9.3,125.1,210.1,21.3,0.513333333333333,332.7,19.9,31.55,"Loss"
"Carolina Panthers",12.5,-212,"2010",25,86.2,30.3,0,20.8,17.8,115.4,143.1,12.2,0.456666666666667,335.9,25.5,23.2,"Loss"
"Seattle Seahawks",43.8,-97,"2010",25,83.3,42,43.75,26.5,14.8,89,208.9,19.4,0.458888888888889,368.6,25.4,34.1,"Loss"
"Los Angeles Rams",43.8,-39,"2010",33,84.6,35.7,0,30.2,9.5,98.6,204.2,18.1,0.516944444444444,336.8,20.5,34,"Loss"
"San Francisco 49ers",37.5,-41,"2010",22,81.5,47.6,0,26.8,11.1,103.6,209.8,19.1,0.479444444444444,329.7,21.6,37.4,"Loss"
"Arizona Cardinals",31.3,-145,"2010",24,88.9,43.2,0,23.7,15.8,86.8,182.6,18.1,0.439444444444444,373.6,27.1,30.9,"Loss"
"New England Patriots",81.3,171,"2011",28,84.8,65.3,81.25,47.2,8.3,110.2,318,32.1,0.479722222222222,411.1,21.4,42.2,"Loss"
"New York Jets",50,14,"2011",19,76,65.5,0,29.6,13.8,105.8,206.1,23.6,0.513611111111111,312.1,22.7,34.8,"Loss"
"Miami Dolphins",37.5,16,"2011",33,84.6,47.2,0,32.8,12.8,124.2,193.2,20.6,0.510277777777778,345.2,19.6,41,"Loss"
"Buffalo Bills",37.5,-62,"2011",23,74.2,52.8,0,31.2,15.9,120.1,231.6,23.2,0.502777777777778,371.1,27.1,27.8,"Loss"
"Baltimore Ravens",75,112,"2011",30,76.9,51,75,35.5,11.8,124.8,213.9,23.6,0.509722222222222,288.9,16.6,26.7,"Loss"
"Pittsburgh Steelers",75,98,"2011",23,74.2,50.9,75,33.9,16.7,118.9,253.4,20.3,0.5425,271.8,14.2,31.8,"Loss"
"Cincinnati Bengals",56.3,21,"2011",33,86.8,45.1,56.25,32.5,9.6,111.1,208.8,21.5,0.505,316.2,20.2,26.6,"Loss"
"Cleveland Browns",25,-89,"2011",24,82.8,41.9,0,24.4,10,95.7,193.1,13.6,0.487222222222222,332.4,19.2,39.5,"Loss"
"Houston Texans",62.5,103,"2011",32,84.2,46.7,62.5,37.2,10.5,153,219.1,23.8,0.544444444444444,285.7,17.4,25.2,"Loss"
"Tennessee Titans",56.3,8,"2011",29,90.6,59.5,0,31.4,11.7,89.9,245.2,20.3,0.465,355.1,19.8,36,"Loss"
"Jacksonville Jaguars",31.3,-86,"2011",23,92,48.6,0,22.7,11.3,123.1,136.2,15.2,0.500277777777778,313,20.6,18.1,"Loss"
"Indianapolis Colts",12.5,-187,"2011",23,85.2,42.1,0,24.2,15.6,99.6,187.2,15.2,0.436944444444444,371.2,26.9,23.9,"Loss"
"Denver Broncos",50,-81,"2011",19,76,47.2,50,24.5,14.2,164.5,152.1,19.3,0.495,357.8,24.4,31.3,"Loss"
"Los Angeles Chargers",50,29,"2011",28,80,53.7,0,41.3,16.3,116.5,276.6,25.4,0.540555555555556,346.6,23.6,36.2,"Loss"
"Las Vegas Raiders",50,-74,"2011",31,88.6,51.1,0,34.7,15.5,131.9,247.6,22.4,0.498611111111111,387.6,27.1,34.6,"Loss"
"Kansas City Chiefs",43.8,-126,"2011",24,80,33.3,0,22.2,12.7,118.3,192.5,13.2,0.492222222222222,333.3,21.1,30.3,"Loss"
"New York Giants",56.3,-6,"2011",19,79.2,57.1,56.25,32.5,11.5,89.2,295.9,24.6,0.491666666666667,376.4,25,29.8,"Win"
"Philadelphia Eagles",50,68,"2011",24,88.9,51.5,0,34.7,17.9,142.2,256.9,24.8,0.522222222222222,324.9,20.5,28.8,"Loss"
"Dallas Cowboys",50,22,"2011",32,86.5,49,0,37.8,11.4,112.9,262.6,23.1,0.523333333333333,343.2,21.7,36.2,"Loss"
"Washington Commanders",31.3,-79,"2011",31,75.6,41.2,0,30.9,18.6,100.9,235.8,18,0.507222222222222,339.8,22.9,42.4,"Loss"
"Green Bay Packers",93.8,201,"2011",24,85.7,65.2,93.75,48.3,6.1,97.4,307.8,35,0.508055555555556,411.6,22.4,40.4,"Loss"
"Detroit Lions",62.5,87,"2011",24,82.8,63.8,62.5,37.6,10.7,95.2,300.9,29.6,0.5025,367.6,24.2,34.1,"Loss"
"Chicago Bears",50,12,"2011",28,87.5,52.6,0,28.6,14.6,125.9,188.2,22.1,0.506944444444444,350.4,21.3,23.6,"Loss"
"Minnesota Vikings",18.8,-109,"2011",22,78.6,56.6,0,31.7,13.2,144.9,184.8,21.2,0.478333333333333,358.2,28.1,28.6,"Loss"
"New Orleans Saints",81.3,208,"2011",28,82.4,58.7,81.25,51.4,10.9,132.9,334.2,34.2,0.532777777777778,368.4,21.2,29.4,"Loss"
"Atlanta Falcons",62.5,52,"2011",27,93.1,52.5,62.5,37.4,10.7,114.6,262,25.1,0.538333333333333,333.4,21.9,36.4,"Loss"
"Carolina Panthers",37.5,-23,"2011",22,78.6,57.9,0,38.5,12.8,150.5,239.1,25.4,0.504166666666667,377.6,26.8,28.8,"Loss"
"Tampa Bay Buccaneers",25,-207,"2011",26,92.9,50,0,28.7,20.4,91.1,228.1,17.9,0.483611111111111,394.4,30.9,35.8,"Loss"
"San Francisco 49ers",81.3,151,"2011",44,84.6,40.7,81.25,39.6,5.2,127.8,183.1,23.8,0.535277777777778,308.2,14.3,36.5,"Loss"
"Arizona Cardinals",50,-36,"2011",19,79.2,51.1,0,26.1,15.6,101.6,222.9,19.5,0.478611111111111,355.1,21.8,27.6,"Loss"
"Seattle Seahawks",43.8,6,"2011",25,83.3,47.8,0,27.8,11.6,109.8,194.1,20.1,0.472777777777778,332.2,19.7,35.8,"Loss"
"Los Angeles Rams",12.5,-214,"2011",21,75,38.7,0,18.9,11.2,104.2,179.4,12.1,0.469444444444444,358.4,25.4,27.6,"Loss"
"New England Patriots",75,226,"2012",29,82.9,70,75,48.1,8.1,136.5,291.4,34.8,0.515277777777778,373.2,20.7,48.6,"Loss"
"Miami Dolphins",43.8,-29,"2012",23,76.7,55.3,0,27.4,12.9,112.8,200.1,18,0.483055555555556,356.8,19.8,39.2,"Loss"
"New York Jets",37.5,-94,"2012",21,77.8,48.9,0,24.2,17.5,118.5,180.7,17.6,0.507222222222222,323.4,23.4,32.1,"Loss"
"Buffalo Bills",37.5,-91,"2012",21,87.5,50,0,30,17.4,138.6,204.3,21.5,0.503055555555556,362.9,27.2,35.4,"Loss"
"Baltimore Ravens",62.5,54,"2012",30,90.9,57.1,62.5,35.8,7.8,118.8,233.7,24.9,0.4775,350.9,21.5,34.3,"Win"
"Cincinnati Bengals",62.5,71,"2012",30,85.7,54.4,62.5,35.4,12.8,109.1,223.6,24.4,0.507222222222222,319.7,20,44.4,"Loss"
"Pittsburgh Steelers",50,22,"2012",28,90.3,55.1,0,33.9,15.6,96.1,236.7,21,0.536388888888889,275.8,19.6,33.8,"Loss"
"Cleveland Browns",31.3,-66,"2012",29,93.5,43.6,0,29.8,12,99.6,214.7,18.9,0.470555555555556,363.8,23,32.2,"Loss"
"Houston Texans",75,85,"2012",31,81.6,56.1,75,35.6,8.4,132.7,239.4,26,0.562777777777778,324.7,20.7,32.3,"Loss"
"Indianapolis Colts",68.8,-30,"2012",26,78.8,54.2,68.75,33.3,13.9,104.4,258,22.3,0.5125,374.2,24.2,33.8,"Loss"
"Tennessee Titans",37.5,-141,"2012",25,80.6,50,0,27.7,14.9,105.4,207.7,20.6,0.461111111111111,374.5,29.4,37,"Loss"
"Jacksonville Jaguars",12.5,-189,"2012",25,89.3,44.4,0,25.5,12.8,85.6,214.1,15.9,0.467222222222222,380.5,27.8,34.1,"Loss"
"Denver Broncos",81.3,192,"2012",26,81.3,59.1,81.25,39.9,12.2,114.5,283.4,30.1,0.521111111111111,290.8,18.1,41.7,"Loss"
"Los Angeles Chargers",43.8,0,"2012",25,92.6,46.8,0,30.6,13.9,91.3,205.9,21.9,0.526944444444444,326.4,21.9,37,"Loss"
"Las Vegas Raiders",25,-153,"2012",31,91.2,42.9,0,31.4,12.8,88.8,255.2,18.1,0.491666666666667,354.5,27.7,25.9,"Loss"
"Kansas City Chiefs",12.5,-214,"2012",28,82.4,27,0,24.2,18.8,149.7,169.6,13.2,0.505277777777778,356.5,26.6,54.2,"Loss"
"Washington Commanders",62.5,48,"2012",24,80,60.4,62.5,39.3,7.7,169.3,214.2,27.2,0.519722222222222,377.7,24.2,30.6,"Loss"
"New York Giants",56.3,85,"2012",33,84.6,54.8,0,43.8,11.9,116.4,239.1,26.8,0.486111111111111,383.4,21.5,37.9,"Loss"
"Dallas Cowboys",50,-24,"2012",29,93.5,51,0,36.7,15,79.1,295.6,23.5,0.521111111111111,355.4,25,33.8,"Loss"
"Philadelphia Eagles",25,-164,"2012",27,87.1,44,0,29.9,17.9,117.1,236.9,17.5,0.495277777777778,343.2,27.8,18.05,"Loss"
"Green Bay Packers",68.8,97,"2012",21,63.6,68.1,68.75,37.6,8.1,106.4,253.1,27.1,0.507222222222222,336.8,21,42.7,"Loss"
"Minnesota Vikings",62.5,31,"2012",35,92.1,53.8,62.5,37.9,12.6,164.6,171.9,23.7,0.478888888888889,350.4,21.8,24.7,"Loss"
"Chicago Bears",62.5,98,"2012",27,81.8,50,0,30.3,11.8,123.1,187,23.4,0.530277777777778,315.6,17.3,42,"Loss"
"Detroit Lions",25,-65,"2012",32,88.9,60,0,36,15.2,100.8,307.9,23.2,0.534722222222222,341.2,27.3,31.3,"Loss"
"Atlanta Falcons",81.3,120,"2012",33,86.8,58.7,81.25,44,10.3,87.3,281.8,26.2,0.514444444444444,365.6,18.7,35.9,"Loss"
"Carolina Panthers",43.8,-6,"2012",16,76.2,58.7,0,32.6,10.3,130.5,230.2,22.3,0.497222222222222,333.1,22.7,26.3,"Loss"
"New Orleans Saints",43.8,7,"2012",18,81.8,68.4,0,37.4,12.1,98.6,312.3,28.8,0.483611111111111,440.4,28.4,27,"Loss"
"Tampa Bay Buccaneers",43.8,-5,"2012",28,84.8,59.6,0,35.2,10.9,114.8,248.9,24.3,0.504444444444444,379.9,24.6,28.9,"Loss"
"San Francisco 49ers",71.9,124,"2012",29,69,50.9,73.3333333333333,39.3,7.9,155.7,206.1,24.8,0.528888888888889,294.4,17.1,51.3,"Loss"
"Seattle Seahawks",68.8,167,"2012",24,88.9,57.4,68.75,39.4,10,161.2,189.4,25.8,0.530555555555556,306.2,15.3,45.1,"Loss"
"Los Angeles Rams",46.9,-49,"2012",23,74.2,51.4,0,27.5,11,107.2,221.9,18.7,0.496111111111111,342.6,21.8,26.8,"Loss"
"Arizona Cardinals",31.3,-107,"2012",25,89.3,40,0,22,14.8,75.2,187.8,15.6,0.488611111111111,337.8,22.3,41.1,"Loss"
"New England Patriots",75,106,"2013",28,84.8,55.4,75,40.8,10,129.1,256.4,27.8,0.505555555555556,373.1,21.1,40,"Loss"
"New York Jets",50,-97,"2013",19,76,50,0,29.6,14.8,134.9,183.2,18.1,0.503611111111111,335.6,24.2,24,"Loss"
"Miami Dolphins",50,-18,"2013",33,84.6,56.5,0,29.9,13.4,90,222.9,19.8,0.478333333333333,360.7,20.9,38.8,"Loss"
"Buffalo Bills",37.5,-49,"2013",23,74.2,47.7,0,29.9,12.1,144.2,193.9,21.2,0.478611111111111,334.3,24.2,26.2,"Loss"
"Cincinnati Bengals",68.8,125,"2013",33,86.8,73.9,68.75,32.3,14.9,109.7,259.6,26.9,0.546944444444444,305.5,19.1,26.9666666666667,"Loss"
"Pittsburgh Steelers",50,9,"2013",23,74.2,52.8,0,35.4,12.7,86.4,252.4,23.7,0.514722222222222,338.5,23.1,32.5,"Loss"
"Baltimore Ravens",50,-32,"2013",30,76.9,46.2,0,30.9,13.5,83,224.4,20,0.505555555555556,335.5,22,30,"Loss"
"Cleveland Browns",25,-98,"2013",24,82.8,52.8,0,26.2,13.8,86.4,254.4,19.2,0.478055555555556,332.4,25.4,33.3,"Loss"
"Indianapolis Colts",68.8,55,"2013",23,85.2,56,68.75,38.8,6.9,108.9,232.8,24.4,0.494722222222222,357.1,21,32.9,"Loss"
"Tennessee Titans",43.8,-19,"2013",29,90.6,57.1,0,34.2,11.4,118.4,218.5,22.6,0.504444444444444,337.9,23.8,41,"Loss"
"Jacksonville Jaguars",25,-202,"2013",23,92,43.9,0,23.6,13.8,78.8,215.1,15.4,0.456111111111111,379.4,28.1,32.6,"Loss"
"Houston Texans",12.5,-152,"2013",32,84.2,50,0,25.9,14.9,108.9,238.3,17.2,0.525,317.6,26.8,38.6,"Loss"
"Denver Broncos",81.3,207,"2013",19,76,76.1,81.25,47.5,10.4,117.1,340.2,37.9,0.508611111111111,356,24.9,35.3,"Loss"
"Kansas City Chiefs",68.8,125,"2013",24,80,57.9,68.75,32,9.1,128.5,208.8,26.9,0.518055555555556,367.8,19.1,40.4,"Loss"
"Los Angeles Chargers",56.3,48,"2013",28,80,50.8,56.25,44.9,11.4,122.8,270.5,24.8,0.559722222222222,366.5,21.8,50,"Loss"
"Las Vegas Raiders",25,-131,"2013",31,88.6,59.5,0,27.8,14.9,125,208.8,20.1,0.498333333333333,363.7,28.3,27.4,"Loss"
"Philadelphia Eagles",62.5,60,"2013",24,88.9,52.6,62.5,36.8,9,160.4,256.9,27.6,0.44,394,23.9,39.1,"Loss"
"Dallas Cowboys",50,7,"2013",32,86.5,68.6,0,39.9,9.8,94,247.1,27.4,0.483611111111111,415.3,27,39,"Loss"
"New York Giants",43.8,-89,"2013",19,79.2,47.2,0,25.5,20.1,83.2,224.2,18.4,0.487777777777778,332.2,23.9,27.5,"Loss"
"Washington Commanders",18.8,-144,"2013",31,75.6,52,0,27.6,16.6,135.2,234.4,20.9,0.514722222222222,354.1,29.9,31,"Loss"
"Green Bay Packers",53.1,-11,"2013",24,85.7,50.8,53.3333333333333,40.9,12.4,133.5,266.8,26.1,0.514444444444444,372.2,26.8,33.3,"Loss"
"Chicago Bears",50,-33,"2013",28,87.5,58.3,0,39,12.1,114.2,268.1,27.8,0.517222222222222,394.6,29.9,39.7,"Loss"
"Detroit Lions",43.8,19,"2013",24,82.8,62.5,0,32.1,17.3,112,280.1,24.7,0.539166666666667,346.6,23.5,30.6,"Loss"
"Minnesota Vikings",34.4,-89,"2013",22,78.6,52.1,0,34.4,14.9,130.1,214.2,24.4,0.474166666666667,399.2,30,30.7,"Loss"
"Carolina Panthers",75,125,"2013",22,78.6,58,75,36.5,9.4,126.6,191.9,22.9,0.531388888888889,301.2,15.1,36.1,"Loss"
"New Orleans Saints",68.8,110,"2013",28,82.4,56.1,68.75,40.3,8.3,92.1,307.4,25.9,0.544444444444444,305.7,19,41.2,"Loss"
"Atlanta Falcons",25,-90,"2013",27,93.1,51.9,0,34.1,14.5,77.9,265.2,22.1,0.505555555555556,379.4,27.7,38.2,"Loss"
"Tampa Bay Buccaneers",25,-101,"2013",26,92.9,51.4,0,27.1,9.6,100.8,176.2,18,0.493333333333333,348,24.3,21.8,"Loss"
"Seattle Seahawks",81.3,186,"2013",25,83.3,56.1,81.25,40.7,9.3,136.8,202.2,26.1,0.508888888888889,273.6,14.4,36.1,"Win"
"San Francisco 49ers",75,134,"2013",44,84.6,56.4,75,37.8,9,137.6,186.2,25.4,0.509444444444444,318.7,17,33,"Loss"
"Arizona Cardinals",62.5,55,"2013",19,79.2,52,0,33,15.5,96.2,250.1,23.7,0.516388888888889,317.4,20.2,44.9,"Loss"
"Los Angeles Rams",43.8,-16,"2013",21,75,51,0,31.5,11.4,109.5,195.3,21.8,0.484722222222222,345,22.8,24.4,"Loss"
"New England Patriots",75,155,"2014",35,94.6,58.2,75,45.3,7.2,107.9,257.6,29.2,0.493333333333333,344.1,19.6,35.9,"Win"
"Buffalo Bills",56.3,54,"2014",34,89.5,43.1,0,32.5,11.2,92.6,225.9,21.4,0.495555555555556,312.2,18.1,36,"Loss"
"Miami Dolphins",50,15,"2014",29,78.4,51.5,0,37.6,10.5,117,233.1,24.2,0.501944444444444,343.4,23.3,36.2,"Loss"
"New York Jets",25,-118,"2014",32,82.1,36.2,0,31.7,11.8,142.5,184.1,17.7,0.516944444444444,327.2,25.1,29.5,"Loss"
"Pittsburgh Steelers",68.8,68,"2014",29,90.6,52.7,68.75,41.4,11.5,109.5,301.6,27.2,0.54,354.9,23,34.4,"Loss"
"Cincinnati Bengals",65.6,21,"2014",26,78.8,57.1,66.6666666666667,34,13.1,134.2,213.8,22.8,0.508611111111111,359.3,21.5,37,"Loss"
"Baltimore Ravens",62.5,107,"2014",29,85.3,52.4,62.5,39.6,9.9,126.2,238.7,25.6,0.494166666666667,336.9,18.9,40,"Loss"
"Cleveland Browns",43.8,-38,"2014",25,78.1,49,0,28,10.9,108,218.1,18.7,0.47,366.1,21.1,26.9,"Loss"
"Indianapolis Colts",68.8,89,"2014",30,96.8,55,68.75,39.5,14.6,100.8,305.9,28.6,0.531666666666667,342.7,23.1,37.8,"Loss"
"Houston Texans",56.3,65,"2014",30,85.7,54.2,0,33,11.3,135.1,209.5,23.2,0.518333333333333,348.2,19.2,32.5,"Loss"
"Jacksonville Jaguars",18.8,-163,"2014",20,76.9,40.6,0,22.6,12.8,102.1,187.6,15.6,0.453055555555556,370.8,25.8,26.6,"Loss"
"Tennessee Titans",12.5,-184,"2014",19,86.4,48.7,0,23.6,12.6,90.4,213.2,15.9,0.458333333333333,373,27.4,31.8,"Loss"
"Denver Broncos",75,128,"2014",24,82.8,62.9,75,39.9,9.6,111.6,291.3,30.1,0.5125,305.2,22.1,34.7,"Loss"
"Kansas City Chiefs",56.3,72,"2014",25,83.3,58.3,0,35.8,9.2,119.9,198.9,22.1,0.499722222222222,330.5,17.6,43.7,"Loss"
"Los Angeles Chargers",56.3,0,"2014",22,84.6,54.2,0,33.9,12.6,85.4,256.1,21.8,0.516111111111111,338.3,21.8,38.2,"Loss"
"Las Vegas Raiders",18.8,-199,"2014",19,86.4,72.4,0,22.7,13.6,77.5,204.7,15.8,0.472222222222222,357.6,28.2,28.4,"Loss"
"Dallas Cowboys",75,115,"2014",25,86.2,64.7,75,43.6,12.8,147.1,236.5,29.2,0.547222222222222,355.1,22,38.1,"Loss"
"Philadelphia Eagles",62.5,74,"2014",32,88.9,49.2,0,36.9,17.2,124.5,272.2,29.6,0.444444444444444,375.6,25,44.7,"Loss"
"New York Giants",37.5,-20,"2014",24,92.3,59,0,34.7,12.4,100.2,267,23.8,0.512222222222222,375.8,25,31.3,"Loss"
"Washington Commanders",25,-137,"2014",24,88.9,47.9,0,29.7,15.6,105.7,252.9,18.8,0.512777777777778,357,27.4,28.6,"Loss"
"Green Bay Packers",75,138,"2014",27,81.8,57.8,75,46.7,7.1,119.8,266.3,30.4,0.508888888888889,346.4,21.8,25,"Loss"
"Detroit Lions",68.8,39,"2014",25,65.8,53.2,68.75,32.4,9.5,88.9,251.9,20.1,0.528055555555556,302.8,17.6,41.7,"Loss"
"Minnesota Vikings",43.8,-18,"2014",26,74.3,53.8,0,31.8,10.8,112.8,203.9,20.3,0.481111111111111,345.1,21.4,26.7,"Loss"
"Chicago Bears",31.3,-123,"2014",12,75,63.8,0,27.8,16.1,90.1,237.4,19.9,0.503611111111111,378.2,27.6,28.2,"Loss"
"Carolina Panthers",46.9,-35,"2014",29,82.9,46.8,46.6666666666667,34.8,11.8,127.2,221.3,21.2,0.538055555555556,339.8,23.4,37.5,"Loss"
"New Orleans Saints",43.8,-23,"2014",19,86.4,60,0,39.1,16.7,113.6,297.8,25.1,0.509166666666667,384,26.5,32.8,"Loss"
"Atlanta Falcons",37.5,-36,"2014",29,90.6,61.4,0,38.9,13.1,93.6,284.6,23.8,0.490833333333333,398.2,26.1,40.3,"Loss"
"Tampa Bay Buccaneers",12.5,-133,"2014",20,83.3,53.8,0,26.7,17.2,85.9,206.1,17.3,0.454444444444444,368.9,25.6,21.8,"Loss"
"Seattle Seahawks",75,140,"2014",31,83.8,51.7,75,40.6,6.9,172.6,203.1,24.6,0.539444444444444,267.1,15.9,44.7,"Loss"
"Arizona Cardinals",68.8,11,"2014",29,87.9,42.1,68.75,30.9,9.4,81.8,238,19.4,0.496666666666667,368.2,18.7,39.8,"Loss"
"San Francisco 49ers",50,-34,"2014",25,80.6,43.2,0,30.9,11.8,136,191.4,19.1,0.528888888888889,321.4,21.2,38.9,"Loss"
"Los Angeles Rams",37.5,-30,"2014",24,80,50,0,29.6,14,102.2,212.5,20.2,0.486666666666667,351.6,22.1,41.3,"Loss"
"New England Patriots",75,150,"2015",33,91.7,65.6,75,43.2,5.7,87.8,286.7,29.1,0.504722222222222,340.9,19.7,39,"Loss"
"New York Jets",62.5,73,"2015",27,81.8,66,0,35.7,11.6,116.8,253.6,24.2,0.521944444444444,318.6,19.6,36,"Loss"
"Buffalo Bills",50,20,"2015",23,85.2,50,0,34.9,8.6,152,208.9,23.7,0.521666666666667,356.4,22.4,26.8,"Loss"
"Miami Dolphins",37.5,-79,"2015",13,81.3,53.5,0,25.7,9.6,93.5,238.2,19.4,0.456111111111111,376.2,24.3,32.6,"Loss"
"Cincinnati Bengals",75,140,"2015",23,82.1,65.5,75,39.6,9.3,112.8,245.2,26.2,0.520277777777778,340.8,17.4,33.8,"Loss"
"Pittsburgh Steelers",62.5,104,"2015",35,83.3,60.7,62.5,40.5,13.7,107.8,287.7,26.4,0.495,363.1,19.9,44.4,"Loss"
"Baltimore Ravens",31.3,-73,"2015",33,82.5,48.9,0,33.3,14,92.4,266.9,20.5,0.508888888888889,337.4,25.1,39.2,"Loss"
"Cleveland Browns",18.8,-154,"2015",28,87.5,38.3,0,29.8,15.2,95.6,236.4,17.4,0.516944444444444,379.2,27,35.7,"Loss"
"Houston Texans",56.3,26,"2015",23,85.2,57.8,56.25,28.9,9.8,108.2,239.6,21.2,0.513055555555556,310.2,19.6,25,"Loss"
"Indianapolis Colts",50,-75,"2015",25,92.6,53.1,0,29.4,14.4,89.9,231.5,20.8,0.5025,379.1,25.5,32.9,"Loss"
"Jacksonville Jaguars",31.3,-72,"2015",26,86.7,53.7,0,34.2,14,92.1,256.8,23.5,0.464166666666667,375,28,32.5,"Loss"
"Tennessee Titans",18.8,-124,"2015",14,87.5,65,0,25.7,16.2,92.8,218.9,18.7,0.492777777777778,344.2,26.4,38.6,"Loss"
"Denver Broncos",75,59,"2015",30,85.7,47.7,75,31.2,15.1,107.4,248.1,22.2,0.508055555555556,283.1,18.5,29,"Win"
"Kansas City Chiefs",68.8,118,"2015",30,81.1,57.4,68.75,37.9,7.1,127.8,203.4,25.3,0.515,329.3,17.9,51.2,"Loss"
"Las Vegas Raiders",43.8,-40,"2015",21,80.8,61,0,31.8,10.3,91.1,243.9,22.4,0.4925,363.6,24.9,48.2,"Loss"
"Los Angeles Chargers",25,-78,"2015",26,81.3,63.6,0,33.7,12.4,84.9,286.9,20,0.530555555555556,361.9,24.9,20.8,"Loss"
"Washington Commanders",56.3,9,"2015",26,86.7,61.2,56.25,36.1,11.1,97.9,255.9,24.2,0.528888888888889,380.6,23.7,32,"Loss"
"Philadelphia Eagles",43.8,-53,"2015",21,80.8,55.8,0,29.1,15.3,108.9,255.4,23.6,0.435,401.6,26.9,33.7,"Loss"
"New York Giants",37.5,-22,"2015",30,93.8,44.4,0,38.2,11.3,100.6,271.9,26.2,0.474444444444444,420.3,27.6,43.4,"Loss"
"Dallas Cowboys",25,-99,"2015",30,93.8,44.4,0,31.4,18,118.1,219.2,17.2,0.518611111111111,348.3,23.4,39.1,"Loss"
"Minnesota Vikings",68.8,63,"2015",34,87.2,50,68.75,38.4,9.3,138.2,183,22.8,0.509166666666667,344.4,18.9,33.8,"Loss"
"Green Bay Packers",62.5,45,"2015",24,85.7,53.8,62.5,33.3,8.9,115.6,218.9,23,0.502222222222222,346.7,20.2,21.3,"Loss"
"Detroit Lions",43.8,-42,"2015",22,91.7,69.4,0,34.6,12.3,83.4,263.2,22.4,0.524722222222222,349.8,25,31.3,"Loss"
"Chicago Bears",37.5,-62,"2015",33,84.6,48,0,37.4,11.2,115.9,228.9,20.9,0.524722222222222,346.9,24.8,40,"Loss"
"Carolina Panthers",93.8,192,"2015",30,83.3,68.3,93.75,42.9,9.6,142.6,226.4,31.2,0.534166666666667,322.9,19.2,27.1,"Loss"
"Atlanta Falcons",50,-6,"2015",25,80.6,54.7,0,34.5,17.2,100.4,273.9,21.2,0.538611111111111,347.6,21.6,41.4,"Loss"
"New Orleans Saints",43.8,-68,"2015",18,69.2,60.3,0,36.3,10.4,93.2,310.6,25.5,0.5225,413.4,29.8,35.7,"Loss"
"Tampa Bay Buccaneers",37.5,-75,"2015",29,72.5,52.9,0,35.8,14.8,135.1,240.8,21.4,0.483333333333333,341.1,26.1,26.8,"Loss"
"Arizona Cardinals",81.3,176,"2015",28,90.3,60.3,81.25,42.5,11.8,119.8,288.5,30.6,0.534166666666667,321.7,19.6,37.3,"Loss"
"Seattle Seahawks",62.5,146,"2015",29,93.5,55.1,62.5,42,8.6,141.8,236.9,26.4,0.537222222222222,291.8,17.3,36.8,"Loss"
"Los Angeles Rams",43.8,-50,"2015",21,67.7,52.8,0,24.5,10.2,122.2,175.3,17.5,0.470555555555556,367.8,20.6,42.7,"Loss"
"San Francisco 49ers",31.3,-149,"2015",24,88.9,43.6,0,25.8,8.2,96.5,207.2,14.9,0.445,387.4,24.2,34.1,"Loss"
"New England Patriots",87.5,191,"2016",27,84.4,63.3,87.5,42.9,4.9,117,269.2,27.6,0.52,326.4,15.6,35.7,"Win"
"Miami Dolphins",62.5,-17,"2016",16,76.2,55.3,62.5,30.7,11.1,114,218.8,22.7,0.483055555555556,382.6,23.8,34.8,"Loss"
"Buffalo Bills",43.8,21,"2016",19,76,64.8,0,36.7,6.8,164.4,189.8,24.9,0.496388888888889,357,23.6,26.7,"Loss"
"New York Jets",31.3,-134,"2016",27,87.1,35.2,0,29.7,17.8,112.6,216.6,17.2,0.511388888888889,342.4,25.6,32,"Loss"
"Pittsburgh Steelers",68.8,72,"2016",24,85.7,59.2,68.75,38.5,9.9,110,262.6,24.9,0.5125,342.6,20.4,36,"Loss"
"Baltimore Ravens",50,22,"2016",38,97.4,52.2,0,35.6,10.5,91.4,256.2,21.4,0.5125,322.1,20.1,46.3,"Loss"
"Cincinnati Bengals",40.6,10,"2016",28,80,53.7,0,35.8,8.5,110.6,246.4,20.3,0.505277777777778,350.8,19.7,29.5,"Loss"
"Cleveland Browns",6.3,-188,"2016",21,77.8,54.5,0,27.2,13.3,107,204,16.5,0.471111111111111,392.4,28.2,26.5,"Loss"
"Houston Texans",56.3,-49,"2016",35,85.4,40.9,56.25,31.4,11.4,116.2,198.5,17.4,0.525833333333333,301.3,20.5,41.6,"Loss"
"Tennessee Titans",56.3,3,"2016",22,91.7,72,0,36.4,9.8,136.7,221.3,23.8,0.508611111111111,357.5,23.6,41.6,"Loss"
"Indianapolis Colts",50,19,"2016",27,87.1,66,0,40.6,12.2,101.8,262.6,25.7,0.514444444444444,382.9,24.5,34.5,"Loss"
"Jacksonville Jaguars",18.8,-82,"2016",27,79.4,60,0,31.4,13.6,101.9,233,19.9,0.485833333333333,321.7,25,35.1,"Loss"
"Kansas City Chiefs",75,78,"2016",31,88.6,45.5,75,37.1,9,109.2,233.8,24.3,0.51,368.5,19.4,48.8,"Loss"
"Las Vegas Raiders",75,31,"2016",29,82.9,57.1,75,38.7,7.2,120.1,253.2,26,0.528888888888889,375.1,24.1,39.6,"Loss"
"Denver Broncos",56.3,36,"2016",29,85.3,46.8,0,30.3,11.6,92.8,230.3,20.8,0.484166666666667,316.1,18.6,31.5,"Loss"
"Los Angeles Chargers",31.3,-13,"2016",26,81.3,51.6,0,38.1,18.2,94.4,262.4,25.6,0.509166666666667,347.1,26.4,30.5,"Loss"
"Dallas Cowboys",81.3,115,"2016",27,84.4,66.7,81.25,43.9,8.7,149.8,226.9,26.3,0.531666666666667,343.9,19.1,43.3,"Loss"
"New York Giants",68.8,26,"2016",21,95.5,53.5,68.75,27.5,13,88.2,242.4,19.4,0.471666666666667,339.7,17.8,29.7,"Loss"
"Washington Commanders",53.1,13,"2016",34,81,45.9,0,43.4,11.4,106,297.4,24.8,0.501388888888889,377.9,23.9,30.6,"Loss"
"Philadelphia Eagles",43.8,36,"2016",35,85.4,49.1,0,37.6,11.2,113.3,224.1,22.9,0.541944444444444,342.8,20.7,33.3,"Loss"
"Green Bay Packers",62.5,44,"2016",26,86.7,60.6,62.5,43.8,9.1,106.3,262.4,27,0.520277777777778,363.9,24.2,32.8,"Loss"
"Detroit Lions",56.3,-12,"2016",31,86.1,54.2,56.25,41,9,81.9,256.9,21.6,0.501666666666667,354.8,22.4,37.3,"Loss"
"Minnesota Vikings",50,20,"2016",27,87.1,46,0,32.8,7.5,75.3,239.8,20.4,0.509722222222222,314.9,19.2,45.9,"Loss"
"Chicago Bears",18.8,-120,"2016",18,78.3,51,0,27.3,17.4,108.4,248.1,17.4,0.468333333333333,346.8,24.9,35.3,"Loss"
"Atlanta Falcons",68.8,134,"2016",34,91.9,61.9,68.75,52.6,6.3,120.5,295.3,33.8,0.506111111111111,371.2,25.4,50.9,"Loss"
"Tampa Bay Buccaneers",56.3,-15,"2016",22,71,51.9,0,32.4,14.8,101,245.4,22.1,0.515833333333333,367.9,23.1,52.9,"Loss"
"New Orleans Saints",43.8,15,"2016",28,82.4,66.2,0,45.9,12.7,108.9,317.1,29.3,0.515555555555556,375.4,28.4,38.6,"Loss"
"Carolina Panthers",37.5,-33,"2016",30,78.9,59.2,0,34.7,14,113.4,230.3,23.1,0.513888888888889,359.8,25.1,43.05,"Loss"
"Seattle Seahawks",65.6,62,"2016",33,89.2,46.4,66.6666666666667,37.3,9.7,99.4,257.8,22.1,0.500833333333333,318.7,18.2,36.8,"Loss"
"Arizona Cardinals",46.9,56,"2016",21,75,64.8,0,35,14.2,108.2,258.5,26.1,0.514722222222222,305.2,22.6,34.75,"Loss"
"Los Angeles Rams",25,-170,"2016",19,86.4,47.1,0,21.8,14.5,78.2,184.4,14,0.488888888888889,337,24.6,52,"Loss"
"San Francisco 49ers",12.5,-171,"2016",18,85.7,68.2,0,27.4,10.7,126.2,181.9,19.3,0.448611111111111,406.4,30,28,"Loss"
"New England Patriots",81.3,162,"2017",37,92.5,60,81.25,49.4,6.9,118.1,276.1,28.6,0.510277777777778,366,18.5,42.6,"Loss"
"Buffalo Bills",56.3,-57,"2017",29,87.9,52.3,56.25,31.7,8.9,126.1,176.6,18.9,0.472222222222222,355.1,22.4,37.9,"Loss"
"Miami Dolphins",37.5,-112,"2017",21,91.3,52.6,0,25.8,15.3,86.8,220.9,17.6,0.49,335.7,24.6,36.1,"Loss"
"New York Jets",31.3,-84,"2017",25,83.3,54.5,0,28.6,11.1,106.4,198.9,18.6,0.503333333333333,352.2,23.9,35.1,"Loss"
"Pittsburgh Steelers",81.3,98,"2017",35,92.1,50.8,81.25,43,10.6,104.2,273.8,25.4,0.532777777777778,306.9,19.2,39.4,"Loss"
"Baltimore Ravens",56.3,92,"2017",34,91.9,57.7,0,36.5,8.9,116,189.4,24.7,0.514444444444444,325.1,18.9,47.6,"Loss"
"Cincinnati Bengals",43.8,-59,"2017",18,90,55.8,0,26.5,11.4,85.4,195.1,18.1,0.455,339.1,21.8,36.4,"Loss"
"Cleveland Browns",0,-176,"2017",15,75,48.7,0,22,21,107.1,201.8,14.6,0.469722222222222,328.1,25.6,30,"Loss"
"Jacksonville Jaguars",62.5,149,"2017",30,85.7,64,62.5,34.7,11.1,141.4,224.6,26.1,0.538611111111111,286.1,16.8,36.8,"Loss"
"Tennessee Titans",56.3,-22,"2017",35,83.3,52.5,56.25,35.1,12.6,114.6,199.4,20.9,0.501388888888889,328,22.2,37.6,"Loss"
"Indianapolis Colts",25,-141,"2017",29,85.3,40,0,29.4,8.3,103.8,180.8,16.4,0.494722222222222,367.1,25.2,33.3,"Loss"
"Houston Texans",25,-98,"2017",20,80,52.4,0,29.2,14.6,115.1,204.9,21.1,0.501666666666667,346.6,27.2,34.8,"Loss"
"Kansas City Chiefs",62.5,76,"2017",41,91.1,42,62.5,44.9,6.3,118.9,256.5,25.9,0.515277777777778,365.1,21.2,41.4,"Loss"
"Los Angeles Chargers",56.3,83,"2017",20,66.7,46.8,0,33.3,8.5,99.7,276.9,22.2,0.505833333333333,328.4,17,36.5,"Loss"
"Las Vegas Raiders",37.5,-72,"2017",16,76.2,58.8,0,29.2,15.2,97.1,226.9,18.8,0.481388888888889,350.1,23.3,40.6,"Loss"
"Denver Broncos",31.3,-93,"2017",24,75,39.6,0,26.4,16.6,115.8,208.3,18.1,0.524444444444444,290,23.9,31.5,"Loss"
"Philadelphia Eagles",81.3,162,"2017",29,85.3,65.5,81.25,40.3,9.4,132.2,233.6,28.6,0.544722222222222,306.5,18.4,35.1,"Win"
"Dallas Cowboys",56.3,22,"2017",22,75.9,59.6,0,36.3,11.1,135.6,196.3,22.1,0.503333333333333,318.1,20.8,51.5,"Loss"
"Washington Commanders",43.8,-46,"2017",24,85.7,54.3,0,31.9,12.6,90.5,234.4,21.4,0.495555555555556,347.9,24.2,39.8,"Loss"
"New York Giants",18.8,-142,"2017",18,72,48.7,0,22.7,11.3,96.8,217.4,15.4,0.478055555555556,373.2,24.2,20,"Loss"
"Minnesota Vikings",81.3,130,"2017",32,84.2,57.9,81.25,38.9,7.6,122.3,234.6,23.9,0.540555555555556,275.9,15.8,39.7,"Loss"
"Detroit Lions",56.3,34,"2017",30,85.7,56.5,0,37.3,11.9,76.3,261.4,25.6,0.496388888888889,355.8,23.5,36.2,"Loss"
"Green Bay Packers",43.8,-64,"2017",15,78.9,61.9,0,30.5,13.2,107.8,197.9,20,0.485833333333333,348.9,24,26.8,"Loss"
"Chicago Bears",31.3,-56,"2017",16,72.7,60.6,0,24.1,12.1,111.8,175.7,16.5,0.484722222222222,319.1,20,31,"Loss"
"New Orleans Saints",68.8,122,"2017",31,86.1,58.2,68.75,44.6,9.1,129.4,261.8,28,0.519166666666667,336.5,20.4,41.2,"Loss"
"Carolina Panthers",68.8,36,"2017",29,96.7,53.8,68.75,37.4,11.7,131.4,192.3,22.7,0.538055555555556,317.1,20.4,35.1,"Loss"
"Atlanta Falcons",62.5,38,"2017",34,87.2,50,62.5,41.2,10.3,115.4,249.4,22.1,0.497222222222222,318.4,19.7,35.9,"Loss"
"Tampa Bay Buccaneers",31.3,-47,"2017",25,73.5,49.1,0,33.7,15.4,90.5,272.9,20.9,0.495277777777778,378.1,23.9,36.9,"Loss"
"Los Angeles Rams",68.8,149,"2017",40,93,55.1,68.75,45.3,9.5,122.1,239.4,29.9,0.501666666666667,339.5,20.6,50,"Loss"
"Seattle Seahawks",56.3,34,"2017",21,72.4,55.6,0,30.5,8.6,101.8,228.6,22.9,0.488611111111111,323.2,20.8,31.5,"Loss"
"Arizona Cardinals",50,-66,"2017",32,80,41.7,0,29.2,12.4,86.6,227.5,18.4,0.519166666666667,310.8,22.6,33,"Loss"
"San Francisco 49ers",37.5,-52,"2017",39,95.1,47.1,0,37.5,12,103.9,245.3,20.7,0.4875,351.6,23.9,41.3,"Loss"
"New England Patriots",68.8,111,"2018",27,84.4,59.6,68.75,40.8,9.2,127.3,266.1,27.2,0.518055555555556,359.1,20.3,36,"Win"
"Miami Dolphins",43.8,-114,"2018",18,90,51.6,0,28.3,12.5,108.6,181.2,19.9,0.468333333333333,391.1,27.1,40.2,"Loss"
"Buffalo Bills",37.5,-105,"2018",22,78.6,59.5,0,26.4,15.5,124,174.6,16.8,0.508055555555556,294.1,23.4,32.9666666666667,"Loss"
"New York Jets",25,-108,"2018",33,91.7,44.4,0,32,14.7,101.4,197.8,20.8,0.486111111111111,380.4,27.6,28,"Loss"
"Baltimore Ravens",62.5,102,"2018",35,89.7,55.9,62.5,40.7,10.7,152.6,222.4,24.3,0.548333333333333,292.9,17.9,42.4,"Loss"
"Pittsburgh Steelers",59.4,68,"2018",16,69.6,73.5,0,36.8,14.3,90.3,313,26.8,0.516666666666667,327.2,22.5,44.4,"Loss"
"Cleveland Browns",46.9,-33,"2018",19,76,66.7,0,31.2,11.4,118.3,250.4,22.4,0.491111111111111,393,24.5,0,"Loss"
"Cincinnati Bengals",37.5,-87,"2018",19,82.6,71.1,0,35.5,9.6,105.1,205.6,23,0.457222222222222,413.6,28.4,40.8,"Loss"
"Houston Texans",68.8,86,"2018",37,88.1,50,68.75,40.3,8.1,126.3,236.3,25.1,0.512777777777778,343.1,19.8,48.1,"Loss"
"Indianapolis Colts",62.5,89,"2018",23,85.2,68.8,62.5,41.2,13.2,107.4,278.8,27.1,0.501111111111111,339.7,21.5,41.2,"Loss"
"Tennessee Titans",56.3,7,"2018",26,86.7,53.2,0,34.9,10.2,126.7,185.9,19.4,0.496111111111111,333.4,18.9,52.7,"Loss"
"Jacksonville Jaguars",31.3,-71,"2018",23,88.5,44.1,0,25,15.6,107.7,194.3,15.3,0.503611111111111,311.4,19.8,43,"Loss"
"Kansas City Chiefs",75,144,"2018",24,88.9,71.8,75,52.6,10.5,115.9,309.7,35.3,0.486388888888889,405.5,26.3,45.3,"Loss"
"Los Angeles Chargers",75,99,"2018",24,82.8,64.2,75,42.4,10,117.1,255.6,26.8,0.511666666666667,333.7,20.6,27.6,"Loss"
"Denver Broncos",37.5,-20,"2018",20,80,56.8,0,30.6,11.3,119.2,230.9,20.6,0.482777777777778,365.1,21.8,34.4,"Loss"
"Las Vegas Raiders",25,-177,"2018",27,84.4,53.5,0,31.3,13.6,101.8,234.4,18.1,0.516388888888889,381.4,29.2,24.3,"Loss"
"Dallas Cowboys",62.5,15,"2018",29,80.6,48,62.5,37.9,10.1,122.7,221.1,21.2,0.525277777777778,329.2,20.2,26.1,"Loss"
"Philadelphia Eagles",56.3,19,"2018",26,83.9,57.9,56.25,38.1,12.5,98.1,267.2,22.9,0.543888888888889,366.2,21.8,39.4,"Loss"
"Washington Commanders",43.8,-78,"2018",26,89.7,52.5,0,31.8,11.2,110.9,188.8,17.6,0.493611111111111,353.4,22.4,51.9,"Loss"
"New York Giants",31.3,-43,"2018",32,97,50,0,38.4,9.6,103.1,252.9,23.1,0.482222222222222,371.4,25.8,28.2,"Loss"
"Chicago Bears",75,138,"2018",23,76.7,66.7,75,36.8,13.2,121.1,222.8,26.3,0.539444444444444,299.7,17.7,47.1,"Loss"
"Minnesota Vikings",53.1,19,"2018",22,68.8,54,0,32.4,10.6,93.3,252.2,22.5,0.492777777777778,309.7,21.3,38.6,"Loss"
"Green Bay Packers",40.6,-24,"2018",30,81.1,61.7,0,38.8,6.7,104.2,264.9,23.5,0.500555555555556,354.4,25,26.8,"Loss"
"Detroit Lions",37.5,-36,"2018",28,87.5,53.1,0,35.3,11,103.8,223.5,20.2,0.523055555555556,335,22.5,43.2,"Loss"
"New Orleans Saints",81.3,151,"2018",28,93.3,69.6,81.25,51.8,9.5,126.6,252.6,31.5,0.531111111111111,349.1,22.1,34,"Loss"
"Atlanta Falcons",43.8,-9,"2018",25,96.2,64,0,42.9,10.7,98.3,290.8,25.9,0.493055555555556,384.5,26.4,37.1,"Loss"
"Carolina Panthers",43.8,-6,"2018",19,90.5,62.1,0,37,12.1,133.5,239.8,23.5,0.511944444444444,353.2,23.9,39.3,"Loss"
"Tampa Bay Buccaneers",31.3,-68,"2018",20,74.1,60,0,37,19,95.2,320.3,24.8,0.508055555555556,383.4,29,26.3,"Loss"
"Los Angeles Rams",81.3,143,"2018",34,82.9,57.5,81.25,48.6,9.8,139.4,281.7,32.9,0.511388888888889,358.6,24,47.4,"Loss"
"Seattle Seahawks",62.5,81,"2018",22,81.5,65.5,62.5,39.8,6.1,160,193.3,26.8,0.524444444444444,353.3,21.7,34.1,"Loss"
"San Francisco 49ers",25,-93,"2018",33,97.1,41.2,0,37,17.1,118.9,241.7,21.4,0.498611111111111,346.6,27.2,32.4,"Loss"
"Arizona Cardinals",18.8,-200,"2018",12,70.6,64.3,0,19.3,15,83.9,157.7,14.1,0.4425,358.8,26.6,34,"Loss"
"New England Patriots",75,195,"2019",27,79.4,50,75,36.3,7.4,106.4,247.6,26.2,0.528333333333333,275.9,14.1,44.2,"Loss"
"Buffalo Bills",62.5,55,"2019",22,78.6,56.8,62.5,30.1,10.2,128.4,201.8,19.6,0.499722222222222,298.2,16.2,42.2,"Loss"
"New York Jets",43.8,-83,"2019",19,67.9,54.5,0,23.3,11.6,78.6,194.4,17.2,0.481111111111111,323.1,22.4,32.2,"Loss"
"Miami Dolphins",31.3,-188,"2019",23,76.7,56.3,0,30.2,13.7,72.2,237.8,19.1,0.481944444444444,397.8,30.9,33.3,"Loss"
"Baltimore Ravens",87.5,249,"2019",28,96.6,67.2,87.5,51.8,8.4,206,201.6,33.2,0.579722222222222,300.6,17.6,51.2,"Loss"
"Pittsburgh Steelers",50,-14,"2019",29,93.5,35,0,28.9,16,90.4,186.3,18.1,0.480555555555556,304.1,18.9,32.4,"Loss"
"Cleveland Browns",37.5,-58,"2019",25,86.2,58,0,33.9,14.8,118.8,222.1,20.9,0.495,361.6,24.6,44.4,"Loss"
"Cincinnati Bengals",12.5,-141,"2019",27,87.1,43.8,0,29.8,15.5,94.8,228.2,17.4,0.493611111111111,393.7,26.2,40,"Loss"
"Houston Texans",62.5,-7,"2019",20,80,64.2,62.5,37.9,12.4,125.6,236.4,23.6,0.500555555555556,388.3,24.1,54.7,"Loss"
"Tennessee Titans",56.3,71,"2019",8,44.4,75.6,56.25,31.4,8.6,138.9,223.9,25.1,0.475,359.5,20.7,46.2,"Loss"
"Indianapolis Colts",43.8,-12,"2019",22,71,64.3,0,36.3,11.3,133.1,194.2,22.6,0.503055555555556,346.8,23.3,37.3,"Loss"
"Jacksonville Jaguars",37.5,-97,"2019",33,97.1,40.4,0,33.9,10.2,106.8,235,18.8,0.508055555555556,375.4,24.8,33.3,"Loss"
"Kansas City Chiefs",75,143,"2019",34,89.5,54,75,48.8,7.9,98.1,281.1,28.2,0.490833333333333,349.6,19.2,42.9,"Win"
"Denver Broncos",43.8,-34,"2019",29,85.3,47.6,0,32.4,9.2,103.9,194.7,17.6,0.488888888888889,337,19.8,37.2,"Loss"
"Las Vegas Raiders",43.8,-106,"2019",19,73.1,52.8,0,32.7,9.7,118.3,245.4,19.6,0.516944444444444,354.8,26.2,49.3,"Loss"
"Los Angeles Chargers",31.3,-8,"2019",26,76.5,52.8,0,38.8,18.1,90.8,276.6,21.1,0.512777777777778,313.1,21.6,35.4,"Loss"
"Philadelphia Eagles",56.3,31,"2019",22,84.6,66.7,56.25,34.8,10.7,121.2,239.6,24.1,0.551666666666667,331.7,22.1,39.2,"Loss"
"Dallas Cowboys",50,113,"2019",30,75,57.4,0,44.6,10.3,134.6,296.9,27.1,0.492222222222222,327,20.1,36,"Loss"
"New York Giants",25,-110,"2019",12,70.6,57.1,0,28.6,17.8,105.3,233.2,21.3,0.478611111111111,377.3,28.2,42,"Loss"
"Washington Commanders",18.8,-169,"2019",25,83.3,48.8,0,29.5,11.9,98.9,175.8,16.6,0.453055555555556,385.1,27.2,38,"Loss"
"Green Bay Packers",81.3,63,"2019",22,91.7,64,81.25,37.3,6.8,112.2,233.3,23.5,0.524166666666667,352.6,19.6,36.5,"Loss"
"Minnesota Vikings",62.5,104,"2019",27,93.1,60.7,62.5,41.6,10.4,133.3,220.2,25.4,0.480277777777778,341.6,18.9,37.8,"Loss"
"Chicago Bears",50,-18,"2019",23,82.1,52.2,0,29.1,10.3,91.1,205.7,17.5,0.504444444444444,324.1,18.6,32.5,"Loss"
"Detroit Lions",21.9,-82,"2019",26,83.9,59.5,0,33.3,12,103.1,243.8,21.3,0.485833333333333,400.4,26.4,40.8,"Loss"
"New Orleans Saints",81.3,117,"2019",32,88.9,59.6,81.25,46.2,4,108.6,265.2,28.6,0.538333333333333,333.1,21.3,46.2,"Loss"
"Atlanta Falcons",43.8,-18,"2019",32,80,51.7,0,40.8,13.2,85.1,294.6,23.8,0.515277777777778,355.8,24.9,50,"Loss"
"Tampa Bay Buccaneers",43.8,9,"2019",27,77.1,64.8,0,37.9,20.2,95.1,302.8,28.6,0.515277777777778,343.9,28.1,33.3,"Loss"
"Carolina Panthers",31.3,-130,"2019",25,78.1,58,0,32.3,16.7,113.7,228.1,21.2,0.481666666666667,374.5,29.4,33.3,"Loss"
"San Francisco 49ers",81.3,169,"2019",30,76.9,53.2,81.25,44.3,12,144.1,237,29.9,0.526944444444444,281.8,19.4,45,"Loss"
"Seattle Seahawks",68.8,7,"2019",23,82.1,63.3,68.75,36.5,10.6,137.5,236.9,25.3,0.523611111111111,381.6,24.9,46.9,"Loss"
"Los Angeles Rams",56.3,30,"2019",24,72.7,64.4,0,35.7,13,93.7,281.2,24.6,0.483333333333333,339.6,22.8,33.3,"Loss"
"Arizona Cardinals",34.4,-81,"2019",31,88.6,45.3,0,38.8,10.1,124.4,217.3,22.6,0.461388888888889,402,27.6,34.4,"Loss"
"Buffalo Bills",81.3,126,"2020",28,82.4,61.8,81.25,49.4,11.8,107.7,288.8,31.3,0.529166666666667,352.5,23.4,44.2,"Loss"
"Miami Dolphins",62.5,66,"2020",36,92.3,58.3,0,41.4,11,105.5,233.5,25.2,0.521111111111111,367.9,21.1,38.2,"Loss"
"New England Patriots",43.8,-27,"2020",26,92.9,54.2,0,36.9,12.1,146.6,180.6,20.4,0.4825,353.8,22.1,56.4,"Loss"
"New York Jets",12.5,-214,"2020",21,75,42.1,0,26.3,10.9,105.2,174.8,15.2,0.464722222222222,387.6,28.6,23.2,"Loss"
"Pittsburgh Steelers",75,104,"2020",23,95.8,63.5,75,37.2,8.5,84.4,250.2,26,0.513333333333333,305.8,19.5,35.4,"Loss"
"Baltimore Ravens",68.8,165,"2020",26,89.7,63.3,68.75,45.3,10.6,191.9,171.2,29.2,0.525,329.8,18.9,40.4,"Loss"
"Cleveland Browns",68.8,-11,"2020",19,79.2,73.6,68.75,40.6,9.7,148.4,221.2,25.5,0.515,358.4,26.2,29.3,"Loss"
"Cincinnati Bengals",28.1,-113,"2020",27,79.4,50,0,33,12.8,104.2,215.5,19.4,0.519166666666667,389.2,26.5,26.8,"Loss"
"Tennessee Titans",68.8,52,"2020",20,71.4,75,68.75,47.9,7.2,168.1,228.3,30.7,0.478333333333333,398.2,27.4,61.9,"Loss"
"Indianapolis Colts",68.8,89,"2020",32,86.5,58.3,68.75,44.4,8.8,124.8,253.3,28.2,0.518333333333333,332.1,22.6,45.5,"Loss"
"Houston Texans",25,-80,"2020",27,87.1,54,0,42.9,9.8,91.6,283.6,24,0.455,416.8,29,0,"Loss"
"Jacksonville Jaguars",6.3,-186,"2020",18,72,60,0,30.4,14,94.9,231.2,19.1,0.464166666666667,417.7,30.8,33.9,"Loss"
"Kansas City Chiefs",87.5,111,"2020",25,92.6,61,87.5,47.9,9.2,112.4,303.4,29.6,0.508611111111111,358.3,22.6,37.5,"Loss"
"Las Vegas Raiders",50,-44,"2020",33,94.3,54.2,0,47.9,14.8,119.8,263.6,27.1,0.517777777777778,389.1,29.9,45.5,"Loss"
"Los Angeles Chargers",43.8,-42,"2020",24,72.7,57.1,0,38.3,8.6,111.5,270.6,24,0.5325,343.4,26.6,21.1,"Loss"
"Denver Broncos",31.3,-123,"2020",28,80,53.3,0,33,17,119.9,215.7,20.2,0.482777777777778,367.9,27.9,29.2,"Loss"
"Washington Commanders",43.8,6,"2020",27,79.4,57.4,43.75,33.3,13.1,100.7,216.6,20.9,0.498333333333333,304.6,20.6,30.8,"Loss"
"New York Giants",37.5,-77,"2020",31,96.9,46.3,0,33.5,12.6,110.5,189.1,17.5,0.478333333333333,349.3,22.3,43.1,"Loss"
"Dallas Cowboys",37.5,-78,"2020",34,82.9,50,0,40.6,14.4,111.8,260.1,24.7,0.4725,386.4,29.6,31.5,"Loss"
"Philadelphia Eagles",28.1,-84,"2020",14,73.7,60.9,0,27.9,15.3,126.7,207.9,20.9,0.4875,363.1,26.1,36.6,"Loss"
"Green Bay Packers",81.3,140,"2020",16,100,80,81.25,49.7,5.6,132.4,256.6,31.8,0.542777777777778,334,23.1,31.4,"Loss"
"Chicago Bears",50,2,"2020",30,93.8,56.4,50,38.9,12,102.9,228.4,23.2,0.507777777777778,344.9,23.1,42.3,"Loss"
"Minnesota Vikings",43.8,-45,"2020",15,68.2,71.2,0,39.8,12.5,142.7,250.6,26.9,0.500555555555556,393.2,29.7,20.4,"Loss"
"Detroit Lions",31.3,-142,"2020",21,75,66,0,38.5,11.2,93.7,256.5,23.6,0.465,419.8,32.4,44.1,"Loss"
"New Orleans Saints",75,145,"2020",23,82.1,72.1,75,45.5,9,141.6,234.9,30.1,0.536111111111111,310.9,21.1,38.8,"Loss"
"Tampa Bay Buccaneers",68.8,137,"2020",28,90.3,68.9,68.75,47.8,8.9,94.9,289.1,30.8,0.481666666666667,327.1,22.2,38.2,"Win"
"Carolina Panthers",31.3,-52,"2020",29,80.6,50.9,0,40.3,13.2,106.5,243,21.9,0.516388888888889,360.1,25.1,46.7,"Loss"
"Atlanta Falcons",25,-18,"2020",38,95,53.4,0,44.8,10.3,95.8,272.7,24.8,0.511388888888889,398.4,25.9,30.4,"Loss"
"Seattle Seahawks",75,88,"2020",24,100,73.2,75,44.4,10.1,123.2,246.3,28.7,0.501944444444444,380.6,23.2,50.7,"Loss"
"Los Angeles Rams",62.5,76,"2020",24,80,57.9,62.5,34.2,12.5,126.1,250.9,23.2,0.533611111111111,281.9,18.5,36.7,"Loss"
"Arizona Cardinals",50,43,"2020",23,76.7,65.5,0,40.2,11.7,139.8,244.8,25.6,0.484166666666667,351.9,22.9,36.2,"Loss"
"San Francisco 49ers",37.5,-14,"2020",22,84.6,67.3,0,36.3,14.8,118.1,252.1,23.5,0.523055555555556,314.4,24.4,37.9,"Loss"
"Buffalo Bills",64.7,194,"2021",28,87.5,62.3,64.7058823529412,45.2,11.3,129.9,252,28.4,0.528333333333333,272.8,17,35.7,"Loss"
"New England Patriots",58.8,159,"2021",36,92.3,61.9,58.8235294117647,48,12.6,126.5,226.9,27.2,0.510555555555556,310.8,17.8,48.1,"Loss"
"Miami Dolphins",52.9,-32,"2021",23,74.2,61.2,0,30.1,12.4,92.2,214.8,20.1,0.508333333333333,337.5,21.9,39.7,"Loss"
"New York Jets",23.5,-194,"2021",21,77.8,54.9,0,29.4,14.4,98.1,208.3,18.2,0.463888888888889,397.6,29.6,34.1,"Loss"
"Cincinnati Bengals",58.8,84,"2021",29,85.3,59.6,58.8235294117647,42.6,10,102.5,259,27.1,0.523888888888889,350.8,22.1,31.7,"Loss"
"Pittsburgh Steelers",55.9,-55,"2021",36,90,54,56.25,34.7,9.5,93.1,222.2,20.2,0.5,361.1,23.4,33.55,"Loss"
"Cleveland Browns",47.1,-22,"2021",16,72.7,62,0,32.2,12.4,145.4,195.3,20.5,0.513333333333333,311.5,21.8,31.4,"Loss"
"Baltimore Ravens",47.1,-5,"2021",35,94.6,61.8,0,38.5,13.3,145.8,233,22.8,0.554444444444444,363.4,23.1,36.6,"Loss"
"Tennessee Titans",70.6,65,"2021",26,81.3,63.9,70.5882352941177,38.9,13,141.4,201.1,24.6,0.555555555555556,329.8,20.8,41.2,"Loss"
"Indianapolis Colts",52.9,86,"2021",29,82.9,56.3,0,43.3,8.9,149.4,197.7,26.5,0.534166666666667,343.2,21.5,40.7,"Loss"
"Houston Texans",23.5,-172,"2021",21,77.8,51.4,0,26.6,11.2,83.6,194.4,16.5,0.470555555555556,384.4,26.6,42,"Loss"
"Jacksonville Jaguars",17.6,-204,"2021",21,77.8,51.3,0,26.4,15.7,103.2,202.1,14.9,0.455833333333333,353.1,26.9,43.8,"Loss"
"Kansas City Chiefs",70.6,116,"2021",28,87.5,59.4,70.5882352941177,48.2,13.7,115,281.8,28.2,0.515833333333333,368.9,21.4,43.25,"Loss"
"Las Vegas Raiders",58.8,-65,"2021",40,93,51.7,58.8235294117647,41,12.8,95.1,268.6,22,0.516666666666667,337.2,25.8,42.4,"Loss"
"Los Angeles Chargers",52.9,15,"2021",24,88.9,64,0,45.7,12,107.9,282.4,27.9,0.491666666666667,360.1,27,23.9,"Loss"
"Denver Broncos",41.2,13,"2021",26,83.9,54.7,0,36.9,9.5,119.1,211.4,19.7,0.513333333333333,326.1,18.9,41.8,"Loss"
"Dallas Cowboys",70.6,172,"2021",29,82.9,63.1,70.5882352941177,43.8,9.9,124.6,282.4,31.2,0.511111111111111,351,21.1,38.6,"Loss"
"Philadelphia Eagles",52.9,59,"2021",30,90.9,62.3,52.9411764705882,43.4,9.2,159.7,200.2,26.1,0.498611111111111,328.8,22.6,31.1,"Loss"
"Washington Commanders",41.2,-99,"2021",28,84.8,51,0,34.6,13.4,121.2,202.4,19.7,0.511944444444444,359.3,25.5,36.7,"Loss"
"New York Giants",23.5,-158,"2021",29,87.9,44.7,0,27.5,15.9,99.3,188,15.2,0.478333333333333,354.8,24.5,32.4,"Loss"
"Green Bay Packers",76.5,79,"2021",25,73.5,58.6,76.4705882352941,44.5,6.4,111.8,253.8,26.5,0.549444444444444,328.2,21.8,31,"Loss"
"Minnesota Vikings",47.1,-1,"2021",33,86.8,62.3,0,39.3,6.6,113.5,249.3,25,0.493611111111111,383.6,25.1,33.3,"Loss"
"Chicago Bears",35.3,-96,"2021",26,86.7,47.9,0,31.5,15.2,118.7,188.6,18.3,0.505277777777778,316.7,23.9,30.6,"Loss"
"Detroit Lions",20.6,-142,"2021",26,86.7,46.7,0,34.3,12.9,110.9,211.6,19.1,0.486666666666667,379.8,27.5,26.2,"Loss"
"Tampa Bay Buccaneers",76.5,158,"2021",25,80.6,66.2,76.4705882352941,44.3,9.8,98.4,307.6,30.1,0.507777777777778,331.5,20.8,38.8,"Loss"
"New Orleans Saints",52.9,29,"2021",25,83.3,58.9,0,33.7,8.7,117.1,187.4,21.4,0.510277777777778,318.2,19.7,34.9,"Loss"
"Atlanta Falcons",41.2,-146,"2021",27,93.1,53.7,0,32.8,14.7,85.4,218.4,18.4,0.469166666666667,364.4,27,40,"Loss"
"Carolina Panthers",29.4,-100,"2021",26,89.7,53.2,0,29.2,14.9,108.4,190.5,17.9,0.511944444444444,305.9,23.8,21.1,"Loss"
"Los Angeles Rams",70.6,88,"2021",32,94.1,60,70.5882352941177,45.9,12.2,99,273.1,27.1,0.484166666666667,344.9,21.9,47.8,"Win"
"Arizona Cardinals",64.7,83,"2021",30,81.1,60,64.7058823529412,44.7,7.8,122.1,251.5,26.4,0.520833333333333,329.2,21.5,20.1,"Loss"
"San Francisco 49ers",58.8,62,"2021",27,84.4,66.7,58.8235294117647,41.2,11.5,127.4,248.3,25.1,0.519166666666667,310,21.5,38,"Loss"
"Seattle Seahawks",41.2,29,"2021",17,73.9,64.6,0,34.8,7,122,201.9,23.2,0.425833333333333,379.1,21.5,48.2,"Loss"
